original_index,annual.pay.usd,region,below_floor
1933,5721.0,R17,0
1325,17870.0,R17,0
2148,48099.0,R09,0
1902,42150.0,R05,0
729,83196.0,R18,0
2358,107371.0,R08,0
619,3847.0,R09,0
1355,10484.0,R17,0
523,60859.0,R13,0
2209,29601.0,R17,0
1143,32080.0,R13,0
1217,68274.0,R08,0
451,50266.0,R17,0
1080,608.0,R17,0
1860,47141.0,R11,0
767,71796.0,R11,0
1679,41305.0,R04,0
1467,70974.0,R17,0
1053,112517.0,R17,0
928,18015.0,R17,0
2102,71808.0,R11,0
356,102417.0,R11,0
706,11995.0,R17,0
2464,111721.0,R09,0
1650,26557.0,R17,0
684,984.0,R17,0
2192,183.0,R17,1
1989,975.0,R17,0
1629,35980.0,R17,0
460,7055.0,R17,0
712,33.0,R17,1
2081,121879.0,R11,0
2277,28644.0,R13,0
2174,23932.0,R17,0
1830,29070.0,R01,0
32,63486.0,R13,0
2304,35711.0,R05,0
1301,26552.0,R17,0
1693,20145.0,R11,0
1365,3452.0,R11,0
1213,97592.0,R12,0
522,1803.0,R17,0
2497,1075.0,R17,0
1628,116985.0,R17,0
779,96686.0,R11,0
1085,36245.0,R17,0
1118,37836.0,R08,0
1564,77618.0,R14,0
2157,374.0,R17,1
1100,19496.0,R17,0
2011,20715.0,R03,0
2494,78908.0,R05,0
1619,93844.0,R11,0
2349,68058.0,R09,0
822,100309.0,R01,0
926,97.0,R17,1
1039,54690.0,R17,0
2375,30116.0,R13,0
383,15445.0,R13,0
2191,51622.0,R09,0
1271,33743.0,R08,0
128,5371.0,R03,0
1320,1414.0,R17,0
200,52267.0,R13,0
249,28395.0,R18,0
601,27415.0,R17,0
1981,1560.0,R17,0
2041,26848.0,R11,0
2415,36653.0,R17,0
893,69100.0,R17,0
1479,24741.0,R02,0
1389,42350.0,R17,0
1230,20681.0,R17,0
1036,497459.0,R01,0
1955,6737.0,R17,0
1227,33452.0,R17,0
2128,63391.0,R03,0
1105,36126.0,R17,0
1341,37180.0,R13,0
1988,59468.0,R17,0
2466,99143.0,R11,0
1487,60254.0,R17,0
2082,60881.0,R17,0
251,97948.0,R11,0
12,146168.0,R13,0
2320,4278.0,R18,0
595,28524.0,R17,0
641,25347.0,R04,0
246,4579.0,R17,0
734,104150.0,R18,0
1559,68174.0,R05,0
2039,107782.0,R13,0
672,7136.0,R17,0
1995,965.0,R17,0
1779,8269.0,R17,0
176,52143.0,R17,0
1537,68684.0,R11,0
1375,62371.0,R11,0
59,2671.0,R11,0
2218,48544.0,R13,0
491,61163.0,R13,0
865,42701.0,R05,0
952,7837.0,R12,0
2201,8472.0,R17,0
1715,85486.0,R11,0
1598,44313.0,R17,0
1907,35942.0,R18,0
591,55988.0,R17,0
2130,89955.0,R18,0
110,22644.0,R11,0
1831,5061.0,R17,0
10,324.0,R17,1
2210,4065.0,R17,0
2416,25096.0,R11,0
138,4196.0,R17,0
1066,6849.0,R17,0
2155,30480.0,R13,0
265,693.0,R17,0
1398,23466.0,R11,0
509,156547.0,R11,0
490,21811.0,R05,0
1990,38411.0,R17,0
1412,72059.0,R04,0
1983,47051.0,R13,0
361,57614.0,R11,0
824,81967.0,R13,0
1521,149641.0,R04,0
313,32137.0,R17,0
505,45523.0,R06,0
165,14284.0,R11,0
885,107127.0,R04,0
631,60284.0,R17,0
560,75495.0,R13,0
1376,50567.0,R01,0
2184,37667.0,R16,0
1688,1703.0,R17,0
1588,49445.0,R11,0
2182,518.0,R17,0
465,31106.0,R17,0
2499,27516.0,R16,0
792,5100.0,R17,0
1397,1451.0,R17,0
253,13420.0,R17,0
946,1581.0,R17,0
208,74450.0,R13,0
20,78906.0,R17,0
764,1339.0,R17,0
301,50493.0,R11,0
1059,19653.0,R05,0
1754,24116.0,R17,0
64,91259.0,R14,0
1921,5054.0,R11,0
81,17973.0,R17,0
2230,38332.0,R18,0
1884,49565.0,R17,0
2443,116293.0,R11,0
540,218.0,R17,1
293,26949.0,R17,0
635,482.0,R17,1
2154,126512.0,R17,0
2371,45758.0,R05,0
300,97808.0,R17,0
821,80026.0,R11,0
1370,40537.0,R08,0
162,67520.0,R11,0
2256,149782.0,R11,0
1509,1367.0,R17,0
1173,47709.0,R03,0
281,80052.0,R09,0
1300,80038.0,R17,0
1081,12714.0,R01,0
29,118016.0,R11,0
463,71462.0,R02,0
303,97593.0,R11,0
2225,89640.0,R11,0
2168,1234.0,R17,0
713,29726.0,R11,0
871,54524.0,R11,0
2025,28141.0,R17,0
233,982.0,R17,0
1469,19557.0,R11,0
2252,60122.0,R17,0
2324,68098.0,R17,0
1245,48821.0,R09,0
911,112872.0,R13,0
467,17969.0,R16,0
2461,36004.0,R17,0
96,55089.0,R03,0
1584,64487.0,R17,0
2183,6189.0,R17,0
707,55592.0,R08,0
397,2854.0,R18,0
1626,27991.0,R13,0
788,33821.0,R13,0
210,95754.0,R11,0
36,20123.0,R03,0
415,41580.0,R17,0
854,18714.0,R16,0
592,9256.0,R17,0
1510,77700.0,R17,0
2162,35464.0,R17,0
1231,77472.0,R11,0
2300,64470.0,R10,0
2111,58211.0,R17,0
1952,111927.0,R06,0
292,62201.0,R17,0
393,75320.0,R13,0
1601,75577.0,R04,0
1092,41618.0,R11,0
975,65210.0,R03,0
1015,402.0,R17,1
508,69021.0,R16,0
2410,49792.0,R11,0
1910,61399.0,R17,0
1798,217.0,R17,1
1190,76477.0,R17,0
710,2871.0,R17,0
71,46851.0,R12,0
1505,38001.0,R17,0
569,87978.0,R18,0
891,72312.0,R13,0
407,16195.0,R03,0
2269,10424.0,R01,0
2336,92482.0,R13,0
534,36143.0,R11,0
1247,4691.0,R11,0
2079,48128.0,R05,0
1022,2649.0,R17,0
1636,37349.0,R11,0
1289,2341.0,R17,0
1500,142160.0,R17,0
1961,29627.0,R17,0
2085,189797.0,R18,0
2034,1016.0,R17,0
1528,96616.0,R17,0
2407,102412.0,R02,0
195,27059.0,R05,0
1768,2187.0,R18,0
355,120717.0,R17,0
2359,133724.0,R11,0
1898,100857.0,R17,0
877,19493.0,R17,0
278,48098.0,R13,0
239,122899.0,R11,0
810,137363.0,R18,0
2240,61881.0,R01,0
430,55375.0,R16,0
1704,125.0,R17,1
2408,2465.0,R16,0
1618,104.0,R17,1
977,23089.0,R09,0
2453,26577.0,R06,0
89,21374.0,R17,0
2493,54847.0,R03,0
470,47399.0,R18,0
2485,1559.0,R17,0
305,20534.0,R01,0
1259,68590.0,R17,0
742,15128.0,R17,0
557,150576.0,R03,0
2197,47578.0,R18,0
507,65301.0,R18,0
1912,40385.0,R03,0
809,1959.0,R17,0
1093,11846.0,R11,0
484,39741.0,R17,0
363,9545.0,R17,0
1553,26.0,R17,1
1031,26715.0,R11,0
372,85598.0,R12,0
2050,22520.0,R17,0
111,50915.0,R04,0
1239,33178.0,R13,0
1731,48947.0,R03,0
1540,1703.0,R17,0
1311,87565.0,R05,0
2276,57.0,R17,1
1073,75137.0,R02,0
543,23656.0,R17,0
468,43474.0,R13,0
43,32735.0,R05,0
2260,238.0,R17,1
1114,42658.0,R13,0
1498,42666.0,R09,0
2058,39005.0,R12,0
1743,37587.0,R17,0
906,11746.0,R17,0
154,2379.0,R11,0
1495,39883.0,R17,0
841,22239.0,R13,0
1957,12030.0,R18,0
1998,46017.0,R03,0
1303,100289.0,R17,0
1449,61719.0,R03,0
450,71462.0,R02,0
666,50730.0,R13,0
770,63534.0,R17,0
1700,7615.0,R18,0
1185,39.0,R17,1
1356,60640.0,R17,0
2369,54064.0,R18,0
1838,47422.0,R17,0
320,25700.0,R17,0
1867,40534.0,R17,0
658,102155.0,R17,0
559,469.0,R17,1
1474,39811.0,R13,0
1288,37713.0,R18,0
1104,63539.0,R09,0
2441,77489.0,R17,0
2002,82231.0,R06,0
2344,61083.0,R11,0
1273,30483.0,R17,0
826,45563.0,R17,0
1776,35553.0,R17,0
1934,1018.0,R17,0
127,23883.0,R17,0
426,65201.0,R18,0
137,42078.0,R17,0
558,59373.0,R17,0
1232,94810.0,R17,0
992,32343.0,R02,0
1267,39748.0,R08,0
255,44264.0,R13,0
1008,60360.0,R17,0
726,47975.0,R04,0
1606,96400.0,R11,0
1969,46071.0,R17,0
859,88795.0,R13,0
395,114590.0,R06,0
422,59190.0,R06,0
336,56262.0,R13,0
1811,107781.0,R18,0
494,85117.0,R08,0
2500,15318.0,R17,0
817,25202.0,R03,0
645,41734.0,R13,0
1897,39878.0,R17,0
1960,7153.0,R17,0
2015,23491.0,R11,0
1963,43691.0,R17,0
2273,17417.0,R13,0
802,73349.0,R17,0
1138,29647.0,R18,0
1371,60277.0,R17,0
2510,61077.0,R13,0
438,117525.0,R18,0
1281,70463.0,R03,0
1130,101048.0,R17,0
1049,69282.0,R04,0
434,71841.0,R13,0
2258,56585.0,R09,0
1991,24309.0,R17,0
1151,21946.0,R17,0
1224,23384.0,R17,0
2046,50038.0,R17,0
348,11123.0,R05,0
298,11629.0,R01,0
382,2220.0,R13,0
951,60392.0,R09,0
2053,50012.0,R11,0
343,99523.0,R17,0
109,41981.0,R17,0
1276,59922.0,R17,0
411,30923.0,R13,0
2135,63093.0,R05,0
553,2859.0,R17,0
1572,49395.0,R09,0
682,80293.0,R17,0
1669,21433.0,R09,0
2335,34927.0,R17,0
2385,22313.0,R02,0
1901,22871.0,R17,0
2147,2989.0,R11,0
1740,742.0,R17,0
2227,40511.0,R06,0
1489,13303.0,R05,0
1975,2677.0,R17,0
1161,60085.0,R03,0
786,53246.0,R17,0
1327,45877.0,R12,0
1658,1482.0,R17,0
1613,58689.0,R17,0
958,1786.0,R17,0
1250,53135.0,R17,0
2272,40307.0,R05,0
1605,3039.0,R13,0
616,48816.0,R17,0
482,32954.0,R05,0
964,100454.0,R11,0
709,54036.0,R11,0
2275,41322.0,R11,0
1180,54234.0,R09,0
2062,990.0,R17,0
949,1986.0,R17,0
1735,17636.0,R17,0
1711,3250.0,R17,0
1072,8877.0,R17,0
379,51416.0,R11,0
2212,96513.0,R17,0
1661,2438.0,R17,0
2126,63481.0,R03,0
997,11802.0,R17,0
2330,58326.0,R02,0
2447,2904.0,R01,0
247,65647.0,R05,0
1729,11756.0,R17,0
818,52213.0,R11,0
564,8898.0,R11,0
1552,55133.0,R17,0
120,35475.0,R17,0
2234,35278.0,R04,0
2423,87945.0,R13,0
1784,98676.0,R17,0
2262,30059.0,R08,0
2000,866.0,R06,0
1585,97.0,R17,1
2405,45876.0,R03,0
549,65012.0,R03,0
1931,7416.0,R03,0
221,50648.0,R04,0
816,50.0,R17,1
1527,35372.0,R18,0
1667,50131.0,R17,0
1965,44206.0,R04,0
602,85150.0,R01,0
2205,84500.0,R13,0
1420,28968.0,R13,0
1926,78484.0,R11,0
556,58605.0,R11,0
1074,13069.0,R17,0
1340,39282.0,R17,0
428,87461.0,R18,0
306,648.0,R06,0
2086,30634.0,R17,0
2417,54627.0,R17,0
1313,14697.0,R17,0
1186,37351.0,R06,0
1424,45098.0,R03,0
1951,22071.0,R18,0
1821,90729.0,R11,0
2488,6732.0,R17,0
1563,21518.0,R17,0
586,16407.0,R03,0
2374,96532.0,R17,0
1518,65107.0,R07,0
440,603.0,R06,0
1816,20886.0,R17,0
2473,60081.0,R17,0
1802,17936.0,R11,0
831,2656.0,R17,0
1203,65896.0,R09,0
150,67123.0,R04,0
991,94275.0,R08,0
1042,49634.0,R17,0
2109,1968.0,R17,0
1515,11162.0,R17,0
2117,30313.0,R17,0
2137,1756.0,R17,0
1641,23290.0,R17,0
1533,109278.0,R13,0
605,31291.0,R11,0
1800,97199.0,R17,0
1407,39372.0,R17,0
1666,47837.0,R17,0
1468,741.0,R17,0
1012,15183.0,R11,0
985,37023.0,R17,0
2220,44476.0,R08,0
1942,50856.0,R17,0
1063,26224.0,R11,0
1248,32466.0,R16,0
2074,962.0,R17,0
678,54905.0,R17,0
803,1829.0,R17,0
40,72759.0,R03,0
989,50770.0,R17,0
1295,1492.0,R17,0
1561,28387.0,R05,0
1825,1483.0,R11,0
1018,64404.0,R13,0
1714,32195.0,R13,0
2293,82142.0,R17,0
1966,29545.0,R03,0
730,162022.0,R03,0
686,15377.0,R08,0
457,28452.0,R11,0
145,18768.0,R13,0
1332,37977.0,R06,0
530,78299.0,R11,0
2426,12560.0,R17,0
1043,31330.0,R12,0
748,126593.0,R17,0
2402,133305.0,R16,0
1219,71407.0,R13,0
170,3220.0,R04,0
2319,65024.0,R02,0
691,8802.0,R11,0
1191,36.0,R17,1
846,309.0,R17,1
1789,2108.0,R17,0
661,83043.0,R11,0
500,40146.0,R06,0
617,161208.0,R17,0
664,36785.0,R03,0
243,58088.0,R08,0
662,108667.0,R16,0
698,39426.0,R08,0
2353,48546.0,R18,0
1197,13301.0,R17,0
1958,36862.0,R11,0
1253,4784.0,R11,0
1732,19473.0,R17,0
768,86863.0,R11,0
1269,285.0,R17,1
1761,85030.0,R11,0
286,64516.0,R17,0
501,25537.0,R17,0
1119,47160.0,R13,0
1648,20738.0,R16,0
1493,69643.0,R11,0
1000,43351.0,R02,0
266,16564.0,R16,0
548,60241.0,R05,0
189,137.0,R17,1
627,115304.0,R11,0
2250,72388.0,R13,0
2434,31542.0,R16,0
1330,48227.0,R03,0
941,44839.0,R11,0
860,44555.0,R11,0
972,108467.0,R18,0
1573,64.0,R17,1
377,11658.0,R11,0
257,67247.0,R17,0
1274,80408.0,R17,0
2003,110050.0,R05,0
1067,26095.0,R17,0
2345,69457.0,R17,0
542,96552.0,R01,0
211,25437.0,R11,0
1167,59175.0,R08,0
1865,29199.0,R13,0
207,24548.0,R17,0
1163,35143.0,R14,0
1885,51185.0,R17,0
787,19808.0,R17,0
1796,47535.0,R17,0
1393,16447.0,R11,0
609,90192.0,R04,0
2115,52706.0,R13,0
717,26765.0,R05,0
1583,42210.0,R11,0
2249,48499.0,R16,0
1409,8094.0,R17,0
1967,75695.0,R02,0
350,26271.0,R16,0
909,48030.0,R18,0
1950,44872.0,R11,0
568,456.0,R17,1
2424,50772.0,R03,0
2381,3854.0,R13,0
638,59335.0,R17,0
904,70090.0,R17,0
360,1489.0,R17,0
1826,41995.0,R17,0
1347,27860.0,R14,0
1814,52585.0,R05,0
644,15509.0,R17,0
988,8791.0,R17,0
2355,46358.0,R17,0
532,13134.0,R09,0
76,48131.0,R17,0
1444,3690.0,R17,0
692,1099.0,R17,0
2363,47822.0,R11,0
373,43712.0,R03,0
1843,19286.0,R06,0
217,73300.0,R08,0
793,37990.0,R17,0
2282,39466.0,R17,0
624,4340.0,R13,0
1801,134843.0,R13,0
123,96964.0,R11,0
1883,107739.0,R12,0
1727,35893.0,R13,0
2458,39010.0,R16,0
499,40704.0,R03,0
2063,248064.0,R17,0
1369,54107.0,R16,0
187,28559.0,R17,0
1644,52270.0,R16,0
1791,100153.0,R17,0
2172,86991.0,R17,0
2362,1329.0,R17,0
715,157995.0,R17,0
1911,30566.0,R17,0
2315,60183.0,R17,0
798,41153.0,R03,0
1569,36470.0,R11,0
2254,24354.0,R17,0
2463,73416.0,R17,0
341,409.0,R17,1
1157,1031.0,R17,0
1178,12375.0,R17,0
1871,10923.0,R17,0
1353,26794.0,R13,0
1260,111023.0,R04,0
637,57871.0,R17,0
63,63202.0,R17,0
2414,61136.0,R17,0
1335,40134.0,R03,0
1772,43016.0,R17,0
1681,42714.0,R18,0
1917,55538.0,R06,0
1477,60696.0,R13,0
1390,77801.0,R13,0
575,56366.0,R17,0
2016,1265213.0,R17,0
1938,593.0,R17,0
2403,6217.0,R17,0
2382,71101.0,R17,0
1964,3204.0,R17,0
2294,168374.0,R04,0
725,58805.0,R17,0
2492,36821.0,R11,0
1205,46582.0,R13,0
2035,15483.0,R13,0
2476,37831.0,R09,0
2186,130737.0,R18,0
184,71336.0,R17,0
918,51288.0,R17,0
418,50374.0,R17,0
978,93807.0,R18,0
492,1830.0,R17,0
1065,4980.0,R17,0
1414,82691.0,R11,0
2114,49.0,R11,1
663,49.0,R17,1
1194,69740.0,R06,0
1924,4704.0,R17,0
1699,18631.0,R11,0
240,68391.0,R17,0
1805,30922.0,R08,0
867,2578.0,R17,0
1240,675.0,R17,0
1137,76817.0,R11,0
2073,29819.0,R11,0
2190,1486.0,R17,0
1713,42519.0,R16,0
959,52241.0,R13,0
2067,7494.0,R17,0
1959,21.0,R17,1
1455,53491.0,R18,0
1285,108274.0,R13,0
640,41189.0,R17,0
16,55616.0,R18,0
887,8469.0,R03,0
1208,4903.0,R17,0
175,24719.0,R17,0
1793,99347.0,R17,0
2177,67274.0,R11,0
374,601.0,R17,0
1214,14868.0,R17,0
1278,99218.0,R17,0
1127,50518.0,R17,0
1193,33783.0,R17,0
1421,90390.0,R11,0
1915,10735.0,R17,0
464,1404.0,R17,0
219,23770.0,R17,0
1218,70851.0,R18,0
1480,3417.0,R17,0
2292,56722.0,R09,0
2013,5760.0,R17,0
2469,43687.0,R05,0
1176,42607.0,R17,0
1270,34432.0,R13,0
1228,155676.0,R03,0
1819,75767.0,R13,0
921,84432.0,R17,0
2332,19389.0,R18,0
2163,86476.0,R17,0
1404,23704.0,R18,0
1440,49091.0,R05,0
736,21501.0,R12,0
1308,73918.0,R11,0
1891,28587.0,R17,0
1225,22918.0,R13,0
54,10041.0,R17,0
804,75546.0,R17,0
1111,63672.0,R11,0
990,2728.0,R17,0
2312,1679.0,R17,0
459,85409.0,R11,0
924,46526.0,R17,0
2364,81497.0,R05,0
1590,4965.0,R17,0
2255,48813.0,R11,0
936,28837.0,R09,0
765,66966.0,R17,0
1760,38530.0,R11,0
1739,2118.0,R07,0
1182,33485.0,R08,0
1615,32054.0,R17,0
2342,80363.0,R17,0
1904,66298.0,R11,0
330,414.0,R17,1
2196,30427.0,R13,0
688,38911.0,R18,0
622,160529.0,R18,0
1978,29219.0,R13,0
2384,31570.0,R12,0
971,54718.0,R06,0
294,15325.0,R08,0
1985,65329.0,R09,0
2486,82463.0,R17,0
1557,17271.0,R11,0
284,88782.0,R11,0
1566,23266.0,R18,0
2097,68388.0,R11,0
1292,26843.0,R02,0
1235,23889.0,R17,0
1949,83587.0,R17,0
2040,11403.0,R17,0
80,4033.0,R03,0
2295,45548.0,R16,0
1446,34514.0,R17,0
1243,49847.0,R13,0
1612,38220.0,R06,0
2030,4462.0,R03,0
18,395342.0,R17,0
1456,58811.0,R17,0
329,47949.0,R13,0
223,19255.0,R17,0
1786,74766.0,R11,0
380,10996.0,R17,0
497,50056.0,R17,0
1946,49751.0,R16,0
2290,50862.0,R05,0
842,65513.0,R09,0
381,35874.0,R13,0
1652,11.0,R17,1
2090,29487.0,R17,0
149,42453.0,R03,0
409,34619.0,R17,0
250,15.0,R17,1
1312,92417.0,R08,0
1342,74772.0,R16,0
461,67099.0,R17,0
371,33.0,R17,1
1367,88603.0,R12,0
2451,99412.0,R11,0
424,64396.0,R03,0
938,74552.0,R11,0
487,23181.0,R17,0
489,72603.0,R17,0
1785,164094.0,R11,0
126,55784.0,R11,0
577,83579.0,R17,0
799,54424.0,R03,0
277,50207.0,R13,0
884,80789.0,R17,0
632,15269.0,R17,0
783,68786.0,R08,0
1010,39224.0,R13,0
1084,34805.0,R06,0
2088,74984.0,R11,0
700,26655.0,R11,0
1204,92532.0,R17,0
2069,100374.0,R17,0
1411,69429.0,R17,0
2322,31408.0,R17,0
1434,56830.0,R17,0
191,49426.0,R17,0
757,21731.0,R11,0
833,75952.0,R06,0
1726,1323.0,R17,0
1155,61887.0,R11,0
2014,75248.0,R17,0
34,5457.0,R11,0
856,16717.0,R17,0
747,83834.0,R13,0
720,60853.0,R11,0
268,7838.0,R17,0
855,3213.0,R17,0
98,44453.0,R11,0
1374,44785.0,R11,0
996,8399.0,R17,0
1366,45443.0,R11,0
455,60369.0,R11,0
296,108418.0,R10,0
2478,82086.0,R05,0
385,26338.0,R06,0
1645,1544.0,R17,0
2226,42085.0,R13,0
948,35045.0,R03,0
1939,896.0,R17,0
359,56576.0,R05,0
852,50605.0,R17,0
1986,50663.0,R10,0
1896,73867.0,R11,0
1095,6093.0,R17,0
1362,54321.0,R17,0
1916,78621.0,R11,0
1337,76589.0,R17,0
1115,60831.0,R17,0
963,125377.0,R08,0
596,397.0,R17,1
943,60329.0,R17,0
873,24843.0,R13,0
326,7223.0,R17,0
2401,34724.0,R13,0
2005,261.0,R17,1
2318,26065.0,R17,0
446,8529.0,R11,0
406,7107.0,R05,0
636,12258.0,R17,0
1799,1694.0,R17,0
1251,21473.0,R01,0
1070,63144.0,R17,0
1689,64363.0,R17,0
1201,160084.0,R05,0
1502,165303.0,R17,0
338,33279.0,R02,0
60,86607.0,R16,0
2321,17828.0,R06,0
317,12906.0,R18,0
1545,41620.0,R17,0
680,26401.0,R06,0
354,4628.0,R13,0
1876,18568.0,R17,0
1941,9561.0,R17,0
432,53739.0,R11,0
1041,104946.0,R11,0
1717,58820.0,R17,0
2289,25043.0,R17,0
1547,1117.0,R05,0
1090,99479.0,R06,0
390,1652.0,R17,0
479,2829.0,R17,0
1850,14822.0,R17,0
1857,1005.0,R17,0
1788,140748.0,R02,0
1708,77829.0,R17,0
2351,49458.0,R13,0
342,13718.0,R12,0
1594,15013.0,R11,0
598,35635.0,R17,0
1597,51952.0,R05,0
874,54501.0,R17,0
1055,5678.0,R04,0
472,598.0,R17,0
1490,57302.0,R13,0
1660,1591.0,R17,0
1401,10829.0,R17,0
270,64741.0,R17,0
1339,4043.0,R05,0
573,74574.0,R13,0
1384,63897.0,R17,0
1820,63355.0,R17,0
2421,36039.0,R17,0
1538,87270.0,R11,0
1587,72182.0,R17,0
2287,118821.0,R11,0
135,23779.0,R17,0
414,3195.0,R17,0
630,45743.0,R11,0
1712,19211.0,R11,0
201,1559.0,R17,0
1828,72873.0,R11,0
503,55126.0,R06,0
514,146818.0,R11,0
920,64656.0,R17,0
2048,3832.0,R13,0
829,24297.0,R17,0
387,30161.0,R11,0
506,6974.0,R17,0
1112,7291.0,R12,0
597,70603.0,R17,0
1980,10334.0,R17,0
760,88213.0,R17,0
161,30323.0,R03,0
14,7194.0,R17,0
1580,21049.0,R17,0
1448,16925.0,R13,0
224,85558.0,R11,0
608,31848.0,R06,0
610,19873.0,R17,0
39,60073.0,R13,0
2231,38479.0,R11,0
226,49301.0,R03,0
1277,15709.0,R17,0
769,38815.0,R17,0
1738,6898.0,R06,0
1165,58782.0,R17,0
1162,229658.0,R11,0
2309,80494.0,R17,0
1734,10518.0,R03,0
2285,27291.0,R11,0
2433,29966.0,R17,0
1794,15437.0,R01,0
950,10280.0,R18,0
2398,171154.0,R13,0
178,127282.0,R11,0
90,25976.0,R11,0
304,112957.0,R11,0
847,838.0,R18,0
22,68370.0,R13,0
1051,880.0,R17,0
1787,123903.0,R06,0
443,101117.0,R17,0
2138,65439.0,R07,0
999,33613.0,R13,0
1044,30550.0,R17,0
839,31347.0,R11,0
2229,83611.0,R17,0
529,78426.0,R17,0
133,24457.0,R05,0
808,57666.0,R11,0
1060,51901.0,R02,0
848,50190.0,R17,0
1603,49697.0,R11,0
1872,2839.0,R17,0
2468,89256.0,R06,0
845,45845.0,R16,0
1609,77946.0,R11,0
687,36520.0,R16,0
613,30174.0,R13,0
1272,85010.0,R17,0
1472,47779.0,R17,0
2026,80293.0,R11,0
1435,70111.0,R11,0
1695,753708.0,R17,0
1782,57565.0,R17,0
2245,55299.0,R05,0
2419,64738.0,R03,0
606,1887.0,R17,0
275,36232.0,R17,0
1751,4150.0,R18,0
801,75967.0,R17,0
2151,61564.0,R11,0
589,22587.0,R03,0
738,72665.0,R11,0
1033,56579.0,R11,0
614,67351.0,R18,0
347,55189.0,R08,0
1571,24354.0,R17,0
1849,29664.0,R11,0
1633,12234.0,R17,0
1762,39351.0,R01,0
1506,95620.0,R11,0
308,31549.0,R06,0
495,70977.0,R11,0
525,130743.0,R13,0
555,2066.0,R08,0
1123,10474.0,R13,0
1275,24170.0,R17,0
2131,37062.0,R07,0
825,27839.0,R05,0
1400,49412.0,R11,0
1647,55989.0,R11,0
1483,78161.0,R13,0
1810,49395.0,R17,0
681,18450.0,R17,0
229,52772.0,R13,0
1002,69525.0,R17,0
2279,3601.0,R17,0
2347,4264.0,R03,0
2483,63744.0,R02,0
1567,54080.0,R17,0
1047,12332.0,R17,0
1795,4773360.0,R17,0
1381,12829.0,R13,0
1555,27756.0,R17,0
1869,48931.0,R03,0
1454,63039.0,R17,0
1728,53159.0,R16,0
1856,73344.0,R02,0
629,131199.0,R13,0
2125,18213.0,R17,0
940,44679.0,R12,0
2024,172.0,R17,1
2471,62970.0,R17,0
593,158849.0,R13,0
248,29622.0,R11,0
1237,45205.0,R11,0
1775,50714.0,R17,0
2508,11545.0,R17,0
469,36294.0,R17,0
1560,78821.0,R17,0
2452,60824.0,R11,0
107,58517.0,R11,0
2484,55498.0,R05,0
1903,14514.0,R16,0
1582,35297.0,R16,0
1079,6518.0,R03,0
1701,55220.0,R11,0
262,55301.0,R04,0
1177,46430.0,R11,0
2489,423.0,R17,1
1246,1935.0,R11,0
2380,120350.0,R02,0
832,23490.0,R17,0
1868,10081.0,R17,0
2247,35181.0,R17,0
993,16201.0,R06,0
93,47391.0,R17,0
412,97183.0,R11,0
1568,42011.0,R18,0
762,86751.0,R11,0
567,12336.0,R17,0
1373,7508.0,R08,0
2021,38048.0,R17,0
423,37416.0,R17,0
1135,43044.0,R09,0
942,51884.0,R11,0
925,19431.0,R03,0
421,41882.0,R12,0
399,1054.0,R17,0
528,119649.0,R11,0
156,40117.0,R16,0
1818,69683.0,R04,0
850,9704.0,R03,0
1737,60775.0,R17,0
545,62186.0,R02,0
1599,35.0,R17,1
1649,65853.0,R14,0
325,59077.0,R11,0
621,47777.0,R17,0
531,8017.0,R17,0
213,67409.0,R11,0
861,16672.0,R05,0
413,88339.0,R11,0
969,16033.0,R18,0
923,24188.0,R17,0
1893,56111.0,R02,0
1343,49443.0,R11,0
1501,40731.0,R11,0
1512,38647.0,R08,0
1361,1409.0,R17,0
331,71991.0,R17,0
2445,55114.0,R09,0
741,44907.0,R17,0
1266,1949.0,R17,0
1900,122240.0,R17,0
1944,2464.0,R17,0
1686,3501.0,R17,0
1579,2023.0,R17,0
1387,58736.0,R18,0
1878,37340.0,R11,0
2333,43940.0,R16,0
1058,32558.0,R11,0
2170,69253.0,R08,0
1368,45590.0,R18,0
2316,16237.0,R18,0
1109,24539.0,R17,0
1913,53575.0,R04,0
1187,53797.0,R04,0
1013,242.0,R17,1
737,50442.0,R11,0
244,27163.0,R05,0
1040,152263.0,R07,0
538,61268.0,R17,0
1453,87829.0,R11,0
367,11954.0,R17,0
984,7107.0,R05,0
2049,21396.0,R16,0
1096,24410.0,R06,0
1305,129040.0,R11,0
345,92870.0,R14,0
987,80935.0,R11,0
574,7809.0,R05,0
1450,77047.0,R17,0
1635,47544.0,R11,0
519,68641.0,R06,0
1030,49915.0,R04,0
2107,4450.0,R17,0
600,48272.0,R17,0
1513,1035.0,R17,0
188,16239.0,R16,0
1630,59174.0,R17,0
1083,82789.0,R13,0
853,75888.0,R11,0
705,121150.0,R17,0
2239,23694.0,R17,0
344,11500.0,R17,0
1268,50272.0,R13,0
1198,18085.0,R11,0
986,91694.0,R13,0
401,17039.0,R11,0
2221,9567.0,R17,0
1324,58782.0,R17,0
1148,281443.0,R13,0
31,149192.0,R11,0
439,34666.0,R09,0
2467,27294.0,R06,0
2054,100845.0,R13,0
772,38034.0,R17,0
2365,12019.0,R17,0
1215,68266.0,R02,0
2498,6379.0,R17,0
1147,818.0,R17,0
1172,97167.0,R11,0
541,2576.0,R13,0
562,147586.0,R17,0
876,99298.0,R13,0
263,32534.0,R17,0
1170,41234.0,R17,0
131,4890.0,R18,0
1048,1087.0,R17,0
119,41827.0,R17,0
728,4979.0,R14,0
974,11166.0,R17,0
92,26872.0,R04,0
442,30375.0,R03,0
1354,4031.0,R17,0
2425,31395.0,R03,0
2214,37015.0,R17,0
1806,35245.0,R17,0
819,21809.0,R11,0
511,42701.0,R05,0
160,147762.0,R11,0
863,27198.0,R04,0
1475,83524.0,R17,0
435,1781.0,R17,0
1766,2942.0,R17,0
739,96128.0,R11,0
1616,32719.0,R13,0
954,57401.0,R13,0
2329,67492.0,R17,0
910,62118.0,R17,0
794,6848.0,R17,0
1591,43489.0,R13,0
2305,48797.0,R11,0
1984,296.0,R17,1
1749,5208.0,R16,0
1242,77444.0,R17,0
197,12149.0,R17,0
2436,32548.0,R11,0
340,68590.0,R17,0
2,14223.0,R17,0
1492,6333.0,R17,0
2198,72389.0,R17,0
1463,40480.0,R05,0
1416,470.0,R17,1
1431,74344.0,R03,0
403,79164.0,R18,0
836,93205.0,R17,0
1992,7362.0,R04,0
2394,27808.0,R17,0
52,59815.0,R13,0
704,11964.0,R17,0
1306,20925.0,R17,0
466,32639.0,R17,0
968,80675.0,R17,0
1562,24908.0,R17,0
1653,21042.0,R11,0
811,107899.0,R11,0
1881,97828.0,R11,0
527,145.0,R17,1
2124,53512.0,R18,0
27,29940.0,R17,0
1651,1261.0,R17,0
1781,57027.0,R17,0
1211,42766.0,R05,0
2068,3229.0,R17,0
2378,44562.0,R02,0
837,50045.0,R05,0
1578,26095.0,R17,0
337,164478.0,R16,0
615,5096.0,R17,0
814,69532.0,R05,0
2156,49337.0,R17,0
2393,103006.0,R11,0
1756,3748.0,R17,0
488,14576.0,R17,0
1133,88981.0,R04,0
483,69271.0,R13,0
1222,22693.0,R17,0
1439,23061.0,R17,0
1296,31108.0,R07,0
2213,62275.0,R11,0
376,120214.0,R17,0
1346,30796.0,R17,0
1363,68246.0,R05,0
2099,996.0,R17,0
2092,35964.0,R11,0
587,69079.0,R08,0
2437,55155.0,R11,0
227,1094.0,R06,0
752,246.0,R17,1
554,60046.0,R17,0
2159,75731.0,R11,0
2261,60111.0,R17,0
965,26214.0,R03,0
1352,74733.0,R17,0
1309,34987.0,R17,0
2432,66468.0,R17,0
2241,51791.0,R06,0
933,4342.0,R17,0
980,1034.0,R17,0
1344,63760.0,R11,0
806,29751.0,R16,0
669,116471.0,R17,0
1982,36762.0,R17,0
913,73649.0,R17,0
2064,45007.0,R17,0
981,60169.0,R09,0
1466,3582.0,R04,0
2460,57772.0,R17,0
1229,1457.0,R17,0
2288,40722.0,R03,0
2390,18094.0,R17,0
1702,141439.0,R11,0
1102,39418.0,R02,0
2139,748.0,R01,0
2070,56403.0,R18,0
2108,60765.0,R17,0
1694,102953.0,R13,0
791,44067.0,R11,0
1452,32721.0,R06,0
1778,52909.0,R11,0
1646,659.0,R17,0
677,3319.0,R03,0
50,33271.0,R08,0
1291,111223.0,R17,0
1971,54498.0,R17,0
394,658.0,R17,0
2360,84.0,R11,1
164,2060.0,R17,0
807,118915.0,R16,0
2075,87703.0,R11,0
771,73865.0,R06,0
1169,429.0,R17,1
1399,14975.0,R17,0
462,27964.0,R06,0
332,40073.0,R05,0
1146,89965.0,R06,0
1654,92464.0,R17,0
1470,77867.0,R11,0
1970,88803.0,R17,0
2339,73898.0,R17,0
267,17226.0,R17,0
333,26639.0,R17,0
1082,90781.0,R17,0
1919,36199.0,R17,0
2503,46299.0,R13,0
2056,3800.0,R17,0
789,57022.0,R02,0
655,106177.0,R17,0
2027,39227.0,R03,0
1930,81102.0,R17,0
370,4962.0,R03,0
315,4852.0,R13,0
775,57897.0,R17,0
1124,14788.0,R11,0
1152,47815.0,R13,0
620,1928.0,R17,0
1462,29606.0,R17,0
1350,754.0,R17,0
1158,26569.0,R11,0
366,19279.0,R17,0
2037,53015.0,R17,0
30,25119.0,R06,0
1853,7933.0,R13,0
1427,76745.0,R11,0
998,94897.0,R11,0
2122,2730.0,R17,0
1380,1350.0,R17,0
1117,33256.0,R09,0
2313,2742.0,R17,0
675,56013.0,R13,0
2152,81369.0,R11,0
693,22883.0,R17,0
1263,4677.0,R11,0
79,50054.0,R17,0
1511,49344.0,R11,0
2202,64288.0,R13,0
1430,56211.0,R17,0
1486,87349.0,R03,0
1918,1109.0,R18,0
144,88943.0,R05,0
1554,52362.0,R04,0
2233,91259.0,R14,0
1920,19324.0,R17,0
785,199.0,R17,1
0,44529.0,R11,0
2325,569.0,R17,0
1385,48479.0,R09,0
744,39714.0,R17,0
1549,55107.0,R09,0
282,31995.0,R17,0
1293,13642.0,R18,0
1236,179888.0,R11,0
1395,48420.0,R17,0
167,66418.0,R04,0
236,74196.0,R11,0
1256,55616.0,R18,0
2036,29257.0,R13,0
1874,62059.0,R17,0
256,3324.0,R11,0
983,81600.0,R11,0
2167,98843.0,R11,0
1706,117866.0,R11,0
812,622.0,R17,0
485,741.0,R17,0
285,29577.0,R11,0
1001,36182.0,R17,0
1996,68024.0,R11,0
646,10848.0,R17,0
2103,63629.0,R06,0
47,84465.0,R04,0
902,99269.0,R17,0
1504,78139.0,R18,0
1670,28648.0,R11,0
1382,47599.0,R17,0
1770,1493.0,R17,0
1317,66.0,R17,1
1758,38599.0,R16,0
2406,37223.0,R17,0
174,64348.0,R17,0
1405,133289.0,R03,0
2281,60272.0,R17,0
895,27448.0,R17,0
1406,178158.0,R17,0
1954,72509.0,R17,0
1657,3002.0,R17,0
1377,194350.0,R16,0
2007,79454.0,R17,0
2352,28608.0,R03,0
1674,4436.0,R17,0
1302,1742.0,R05,0
866,4064.0,R18,0
1623,27134.0,R17,0
1640,108551.0,R13,0
633,42309.0,R13,0
41,54787.0,R18,0
2370,72984.0,R17,0
1200,309240.0,R18,0
1418,23907.0,R06,0
46,54217.0,R17,0
7,48194.0,R17,0
362,41940.0,R17,0
1523,3706.0,R02,0
1484,39490.0,R11,0
1725,58667.0,R17,0
179,7190.0,R03,0
25,37693.0,R17,0
15,58680.0,R11,0
1091,8622.0,R17,0
261,13708.0,R01,0
1460,86894.0,R05,0
565,22130.0,R03,0
838,19170.0,R11,0
1017,62735.0,R11,0
2440,9713.0,R17,0
2211,834.0,R10,0
2061,164632.0,R18,0
2286,24967.0,R17,0
1905,113697.0,R17,0
702,19086.0,R17,0
897,46496.0,R11,0
903,69282.0,R11,0
827,73315.0,R17,0
1973,21769.0,R11,0
1331,16352.0,R05,0
2246,31941.0,R08,0
2328,35245.0,R13,0
735,1042782.0,R11,0
180,1043.0,R17,0
1994,203620.0,R11,0
875,1242.0,R17,0
2215,43172.0,R11,0
254,27915.0,R17,0
625,68385.0,R18,0
1481,151742.0,R04,0
2409,37816.0,R09,0
1548,46345.0,R17,0
578,56448.0,R11,0
384,47484.0,R17,0
2121,32641.0,R05,0
512,62402.0,R17,0
1121,19855.0,R03,0
1680,17379.0,R17,0
599,52066.0,R17,0
2327,1632.0,R17,0
1238,36229.0,R13,0
318,78322.0,R06,0
1478,23938.0,R11,0
1769,66915.0,R11,0
1279,1027.0,R17,0
1844,53060.0,R11,0
790,70081.0,R11,0
312,25.0,R11,1
2072,5221.0,R17,0
1976,76147.0,R17,0
328,3493.0,R04,0
1797,47380.0,R11,0
883,64874.0,R17,0
454,22375.0,R13,0
547,92040.0,R17,0
1929,30410.0,R17,0
2012,33918.0,R11,0
1321,30178.0,R03,0
245,129875.0,R11,0
287,117556.0,R18,0
444,730.0,R17,0
1574,237684.0,R13,0
364,51071.0,R17,0
1718,1680.0,R17,0
1899,81316.0,R03,0
2149,14010.0,R13,0
1122,1450.0,R17,0
758,32480.0,R11,0
118,34584.0,R13,0
843,149456.0,R11,0
944,36394.0,R17,0
2175,59794.0,R17,0
880,60056.0,R16,0
19,16352.0,R05,0
1625,83621.0,R18,0
237,45441.0,R17,0
2132,984.0,R17,0
1792,143356.0,R17,0
1402,51566.0,R03,0
1777,1557.0,R17,0
2477,84448.0,R11,0
2334,40832.0,R17,0
2264,11510.0,R17,0
1722,40315.0,R13,0
1183,27045.0,R11,0
1078,22725.0,R11,0
48,46658.0,R09,0
2271,14571.0,R13,0
2377,29856.0,R17,0
1265,33426.0,R17,0
961,21809.0,R11,0
1730,54810.0,R11,0
419,5708.0,R18,0
2057,1284.0,R17,0
882,1086.0,R06,0
1529,68653.0,R02,0
302,94903.0,R12,0
1488,29576.0,R11,0
1023,38626.0,R11,0
1069,36702.0,R17,0
140,96888.0,R16,0
1386,56095.0,R11,0
1153,49587.0,R03,0
2350,10134.0,R03,0
1423,44448.0,R17,0
2427,16216.0,R17,0
1750,7826.0,R17,0
896,29615.0,R11,0
2044,15796.0,R18,0
2020,203.0,R17,1
1581,24214.0,R17,0
2052,6376.0,R17,0
1987,79096.0,R11,0
2257,5166.0,R18,0
1068,146272.0,R17,0
335,61865.0,R17,0
2161,95229.0,R17,0
2106,27094.0,R17,0
351,118009.0,R17,0
1763,1200.0,R17,0
1807,420.0,R06,1
1812,97086.0,R18,0
1007,72552.0,R18,0
1610,34316.0,R17,0
139,47632.0,R13,0
795,3836.0,R03,0
321,75120.0,R04,0
1202,10829.0,R17,0
1683,21706.0,R13,0
1107,14529.0,R06,0
1298,82273.0,R18,0
2146,26209.0,R06,0
2065,2972.0,R17,0
970,1622.0,R17,0
1160,74962.0,R03,0
701,52411.0,R18,0
66,25001.0,R11,0
870,1882.0,R17,0
2189,20214.0,R18,0
1094,45644.0,R17,0
2223,14199.0,R17,0
914,11955.0,R17,0
2219,70042.0,R17,0
1108,70405.0,R04,0
2270,15428.0,R17,0
1733,66066.0,R17,0
2216,59263.0,R17,0
1935,6140.0,R17,0
1870,39920.0,R11,0
2134,47154.0,R12,0
1663,58901.0,R02,0
2071,41747.0,R17,0
1659,75768.0,R17,0
1829,7117.0,R01,0
1534,76185.0,R11,0
2042,52290.0,R06,0
1815,133.0,R17,1
667,1591.0,R17,0
166,608.0,R17,0
365,26585.0,R04,0
264,589.0,R17,0
1283,54133.0,R17,0
1028,53588.0,R06,0
159,45197.0,R17,0
585,81176.0,R17,0
1698,97919.0,R17,0
1922,7441.0,R17,0
274,7598.0,R17,0
1710,2305.0,R14,0
49,80695.0,R11,0
2171,5066.0,R17,0
1499,65510.0,R13,0
1052,19350.0,R17,0
168,80779.0,R09,0
1841,74684.0,R09,0
218,66935.0,R13,0
1962,53948.0,R03,0
2308,78568.0,R11,0
1037,18063.0,R17,0
916,55672.0,R13,0
690,85240.0,R17,0
1886,40385.0,R11,0
1241,19407.0,R13,0
2181,982.0,R17,0
1780,4998.0,R17,0
1888,40254.0,R13,0
1027,59913.0,R11,0
797,2987.0,R17,0
753,58793.0,R11,0
1024,39516.0,R18,0
805,85003.0,R18,0
502,69884.0,R08,0
1753,53750.0,R08,0
471,128017.0,R07,0
576,7565.0,R17,0
452,90896.0,R17,0
410,87305.0,R11,0
1262,117736.0,R17,0
2158,105277.0,R11,0
901,35701.0,R09,0
653,45957.0,R17,0
973,647.0,R06,0
2096,52088.0,R11,0
2298,123306.0,R17,0
732,3845.0,R17,0
2222,78276.0,R11,0
77,74162.0,R17,0
1697,54445.0,R17,0
2475,48499.0,R03,0
1438,48704.0,R11,0
1319,54495.0,R18,0
1940,82239.0,R11,0
828,133182.0,R11,0
1923,164554.0,R05,0
830,31162.0,R08,0
61,67171.0,R17,0
750,39331.0,R17,0
881,53704.0,R08,0
649,72294.0,R17,0
113,87633.0,R11,0
231,2691.0,R17,0
1016,49892.0,R17,0
1979,70077.0,R17,0
1824,72694.0,R03,0
2392,47355.0,R17,0
2496,85.0,R09,1
53,715.0,R17,0
1936,71302.0,R11,0
900,43207.0,R17,0
1264,82877.0,R18,0
1233,21782.0,R13,0
1075,32639.0,R17,0
204,65042.0,R09,0
1834,5948.0,R17,0
2224,20988.0,R03,0
934,55619.0,R11,0
1752,2488.0,R17,0
222,72636.0,R03,0
67,17296.0,R17,0
2133,21119.0,R13,0
1316,73353.0,R04,0
1333,51562.0,R04,0
581,36995.0,R18,0
1294,81746.0,R11,0
1596,37357.0,R11,0
2169,31454.0,R17,0
404,192694.0,R13,0
2098,4905.0,R11,0
1394,49833.0,R13,0
1631,29691.0,R17,0
2343,98527.0,R11,0
2164,57604.0,R17,0
2187,913.0,R17,0
892,67497.0,R11,0
51,3311.0,R03,0
2129,43075.0,R09,0
2283,88444.0,R13,0
2110,74230.0,R18,0
671,3713.0,R17,0
1765,8664.0,R11,0
1415,123911.0,R17,0
1932,38217.0,R08,0
1020,81138.0,R11,0
778,51254.0,R17,0
551,55774.0,R17,0
235,18993.0,R18,0
1103,32650.0,R17,0
2105,50284.0,R08,0
1221,25435.0,R13,0
198,5760.0,R17,0
1524,53312.0,R17,0
2341,48915.0,R11,0
86,6689.0,R17,0
117,14788.0,R11,0
2442,7928.0,R17,0
1315,36297.0,R17,0
708,17764.0,R17,0
699,71175.0,R06,0
1142,37493.0,R17,0
1419,71175.0,R13,0
11,72913.0,R17,0
1703,1525.0,R17,0
518,84012.0,R11,0
1286,113918.0,R11,0
2314,53983.0,R17,0
1892,75461.0,R11,0
2348,68432.0,R17,0
1210,29976.0,R11,0
2462,192194.0,R17,0
1873,50522.0,R17,0
763,150.0,R17,1
2188,61688.0,R17,0
122,70122.0,R11,0
130,41028.0,R13,0
1004,1125.0,R17,0
1304,7895.0,R11,0
879,90174.0,R11,0
1021,75292.0,R11,0
2356,64003.0,R12,0
158,124474.0,R17,0
1927,107785.0,R18,0
417,12108.0,R11,0
2301,51693.0,R17,0
740,58869.0,R13,0
33,58260.0,R11,0
1747,132111.0,R06,0
1593,4623.0,R17,0
2422,79207.0,R17,0
967,29529.0,R17,0
391,127779.0,R04,0
1145,65085.0,R16,0
2317,1988.0,R17,0
271,91926.0,R17,0
319,51152.0,R17,0
1436,125.0,R17,1
2033,140539.0,R11,0
2366,55924.0,R11,0
78,102636.0,R02,0
1388,70969.0,R17,0
37,5223.0,R17,0
276,26053.0,R16,0
1175,39793.0,R17,0
288,31.0,R17,1
656,92135.0,R13,0
1195,64278.0,R04,0
751,59.0,R11,1
327,23611.0,R12,0
1544,129987.0,R18,0
2153,35271.0,R17,0
905,35717.0,R11,0
510,511.0,R17,0
1396,28790.0,R01,0
813,28815.0,R11,0
685,110169.0,R17,0
878,147.0,R17,1
1357,78787.0,R13,0
1614,44147.0,R17,0
2136,23015.0,R17,0
862,6865.0,R17,0
524,89476.0,R18,0
2179,537.0,R15,0
311,299090.0,R11,0
358,2488.0,R17,0
743,766.0,R17,0
1126,63024.0,R17,0
966,28658.0,R17,0
1314,18715.0,R17,0
1945,12953.0,R17,0
1682,81302.0,R02,0
1503,379.0,R17,1
1852,44035.0,R08,0
754,12231.0,R11,0
1189,14007.0,R17,0
202,59595.0,R08,0
1736,49138.0,R17,0
2150,14399.0,R17,0
651,71036.0,R04,0
716,36303.0,R17,0
2066,9613.0,R17,0
960,64131.0,R17,0
1019,9760.0,R17,0
1673,95560.0,R17,0
919,7006.0,R17,0
2310,70745.0,R17,0
316,59168.0,R09,0
2284,17696.0,R17,0
1129,63850.0,R03,0
2180,56794.0,R11,0
915,55170.0,R11,0
1299,35785.0,R01,0
1608,15507.0,R18,0
583,92092.0,R12,0
420,17322.0,R17,0
132,99375.0,R03,0
1323,36302.0,R17,0
5,66466.0,R18,0
2100,63595.0,R08,0
579,1587.0,R17,0
1531,42010.0,R13,0
1592,62842.0,R18,0
1465,58924.0,R17,0
1447,43540.0,R11,0
2480,100067.0,R17,0
1297,89205.0,R11,0
153,36751.0,R17,0
1535,4217.0,R17,0
2278,36219.0,R17,0
2119,25861.0,R13,0
1035,129837.0,R11,0
100,86360.0,R04,0
1441,101683.0,R13,0
496,26827.0,R09,0
2307,74686.0,R02,0
2263,130085.0,R13,0
2244,39523.0,R13,0
436,3808.0,R11,0
352,1293.0,R17,0
898,883.0,R17,0
857,53716.0,R09,0
1076,46517.0,R17,0
2299,14796.0,R11,0
124,5029.0,R11,0
908,53956.0,R01,0
1181,1728.0,R17,0
280,20973.0,R11,0
480,26535.0,R17,0
1171,4879.0,R11,0
2112,106058.0,R11,0
322,46395.0,R17,0
1054,36390.0,R09,0
1575,1257.0,R17,0
