restaurant_id,status_closed
192311983,0
621181627,0
119760055,0
729596929,0
116589396,1
603782660,0
439815837,0
636142592,0
205744561,0
300407400,1
627622772,1
808704209,1
307848820,1
231922380,0
770599800,0
190561244,1
331548454,0
341173723,0
526525967,1
445183290,0
267487015,0
420230917,0
187069441,0
195143784,1
615574343,0
378092687,0
257596354,1
777773258,0
973308914,0
340372687,0
955705906,1
629349358,0
561637689,0
920206235,0
374646395,0
306279645,0
865656303,1
532703973,0
120800671,0
285462603,1
346283785,1
924401609,0
749381404,0
306342522,0
999314508,1
320284688,0
134174282,0
697194405,1
411656752,0
117702778,0
414422461,1
568648097,1
929465170,0
386060844,0
130851347,0
554840453,0
425783554,1
669710071,0
710589862,1
918684155,0
254757974,0
698177255,1
854864120,0
446583849,1
541530629,1
618363373,0
408394576,1
548215508,1
498704745,0
321896578,1
408729746,1
719908746,0
450391748,1
212963354,1
851721191,0
144207061,0
716805828,0
647274520,0
655208814,0
935127667,0
366459962,1
900489738,1
115696166,1
103563537,0
768977206,0
804264098,0
508006825,1
114751019,1
919608571,1
855152049,1
290243398,0
623900589,1
381374765,1
259450489,0
509306346,1
905891767,1
138355193,1
566627284,0
665916898,1
400332511,0
619930124,0
978414006,0
765933411,0
495933072,0
859883723,1
124233887,0
605657116,1
343888920,0
851604185,0
401589795,0
668861195,0
366276239,0
606229937,1
258383374,0
169963766,0
103054318,0
840051627,1
808681249,0
329293076,1
207732715,0
915847298,0
982194950,0
653560266,0
906054952,0
313796416,0
308384491,0
152595177,0
514589838,0
426234990,0
271364798,0
609299234,1
322815416,1
810280210,1
662252774,1
525891356,0
618358815,0
982332033,1
767632113,0
693484306,0
569867217,1
786257892,1
368750893,1
655361796,0
624594007,0
951169186,0
185008067,0
460550416,0
372650214,0
844616168,0
450684073,0
401664287,0
374482636,0
479854688,0
339028402,1
276449428,1
407806336,0
193755169,0
767734308,0
278904244,1
476662704,1
694730354,1
775680206,0
130772640,0
627819820,0
503393730,1
935113532,0
613995621,1
128476363,0
957421533,0
762104129,1
477377945,0
823174047,0
177033987,0
167239251,0
149679182,0
862483779,0
936427378,0
836494624,0
718860459,0
393424522,1
586654279,0
909020960,0
479761854,0
278566677,0
672812508,0
135605161,1
865254739,1
879715857,1
685016504,0
133748808,1
739588579,1
716150476,0
233757872,1
956573654,0
111301856,1
339984949,0
777299963,1
926020310,0
495333354,1
758586264,1
420850941,0
794480531,0
919734707,1
871214067,1
347922836,1
128253012,0
701570313,1
169489079,0
117853865,1
427769761,1
507608454,1
113020396,1
931493355,1
768757062,0
992932973,0
343553678,1
765434394,0
854806373,1
238967080,1
580050821,0
483779038,1
349641813,1
529895723,1
835469448,0
588851572,1
851196470,0
131471662,1
324910930,0
445567437,0
588961667,1
634411709,0
567611404,1
934348853,0
815573208,1
494618091,0
682993911,0
853397021,1
316649041,1
786318332,1
812475116,0
162673970,0
276148055,1
455946966,1
220165755,1
397147230,1
933901591,1
181048172,0
890935309,0
998129574,0
804969059,0
971171268,0
770216792,0
535864911,0
808485277,1
871398628,0
395448051,0
425936365,1
307183642,0
934945381,0
994902610,0
285218077,0
720957368,0
857206645,1
845945065,1
210520538,0
156530167,0
735622940,1
188544513,1
611414353,1
839768849,1
916570345,0
405571308,1
565298925,0
521595694,0
426031238,1
292293542,0
675949476,1
142807837,1
426419361,0
964024848,1
528525383,0
984010412,0
706996968,1
608967811,1
603172562,0
313549725,1
479698516,1
561225505,0
147064888,0
428323934,1
503066759,1
384013585,1
145228375,1
136249770,1
694811954,1
354143617,1
901891709,0
325240835,1
365334016,1
946065743,0
462282415,0
918122768,1
374005686,1
990669248,0
802476697,0
455882630,1
896667948,1
522421594,0
737857529,1
809741856,0
497368186,0
407517780,1
506848956,0
175114271,0
502300626,1
408654532,1
418731063,0
736297874,0
431925915,1
741191402,0
156074483,1
168576095,0
530829905,0
433187807,0
788523092,0
553944570,1
869964880,1
565384050,1
510471552,1
874811943,1
149865459,1
686434643,0
544771795,0
748971149,1
542585976,0
964330401,1
790841637,1
547819680,1
806525690,0
451558324,0
671050921,1
142155856,1
651544422,1
731105717,0
445254703,0
188650704,1
827074550,1
903251275,0
113897367,0
389446524,0
835846705,1
268641027,0
809088174,1
526264469,0
963106573,1
644736607,0
602197118,0
656331385,1
997224694,1
930313177,1
878123200,1
987359463,0
619206802,0
976208830,1
815480314,1
730826218,0
662364125,1
862210379,1
437705222,1
357270466,1
116657121,1
475860673,1
720933246,1
337132493,1
183799581,1
159982220,1
778290484,1
346256255,0
676502336,1
316467514,0
643423997,1
839618491,0
779114951,1
247979002,1
587890560,1
466185311,0
496719870,0
776216633,0
726539730,0
996104285,1
534140095,0
677037095,0
534984841,1
819852908,0
686715496,0
940751026,1
340755755,0
771452268,0
646556338,1
652889308,0
854956002,1
218331492,1
368271693,1
342716269,0
629231533,0
836068313,0
857363936,0
665069288,0
306041992,0
652813558,1
659575720,0
816536136,0
103484912,1
321144941,0
866665657,1
381486908,0
351001349,0
713501243,1
956082395,0
409138649,1
483206516,0
904762726,1
123532700,1
473704509,1
855931764,0
716367437,0
419180629,0
977197483,0
872315024,1
602291397,0
353642935,0
987762001,0
353591289,1
446577117,1
105178613,1
154172514,0
923449506,1
105103689,0
419286754,0
889758885,0
725756923,1
945213170,0
398037741,0
714506274,0
934283188,0
577516129,0
506614981,0
839356469,0
919252081,1
144564765,0
855001415,1
709038308,0
428676172,0
194417375,1
851432529,1
506978698,0
909170882,0
811118977,1
230931039,0
306875176,0
344852577,0
652687909,1
960420720,0
780248726,0
316585621,0
967526298,0
236759174,1
754891524,0
325193445,0
361394008,0
476284875,0
322788428,0
922003136,1
211780379,1
402037902,0
800104759,1
606716516,0
554159890,1
535967261,0
701294330,1
444625723,0
105454884,1
850918827,0
188019282,0
196862254,0
916290938,1
188981027,1
543842096,0
174456807,0
771942152,0
724661924,0
912345443,0
423647109,0
145575097,0
809955637,0
980658947,0
741211282,1
480469612,1
583076734,1
382880017,1
496849508,0
638414271,1
196615126,1
918574841,0
887690810,0
740660762,0
283410157,0
272832947,0
177625334,1
384779370,1
603827032,0
974773375,0
909681028,1
815082995,0
807538099,1
581752773,0
243016859,1
185896419,1
112078937,1
927739217,0
444266870,0
219581923,1
451401270,0
776378617,0
488692371,1
871571886,1
496431336,0
338076303,0
131243110,0
890155272,1
675625618,1
304874510,0
519043597,1
798976800,0
881348731,0
539910749,0
189784084,0
397932960,1
896194789,0
224027961,0
650280431,0
876803949,1
518940732,0
374613402,0
860691876,0
681585818,1
957143959,1
143745130,0
598063657,0
896757270,0
377061741,0
980972611,1
387622340,1
278990404,1
568171533,1
387288678,1
603999851,0
671803051,1
565380232,0
405021892,0
210900927,0
970178702,1
856255586,0
615267013,0
931316932,0
733077490,0
156691595,0
227895852,1
202605223,1
896761334,0
940077834,0
172748432,0
452900962,1
921001110,0
768203355,1
349121060,1
440827944,1
194011062,0
608708869,0
199127056,0
672108758,1
160210495,0
164131255,0
960404466,0
220004649,1
255020634,1
237726136,1
405897458,0
148403233,0
824733012,1
429159094,1
361752697,1
277394096,0
503361407,0
174515351,1
115540353,0
740326812,0
716097038,1
599527266,0
297112700,0
491646236,0
208194459,0
477456588,1
628983229,1
947341707,1
628275362,0
561523924,1
935250386,0
873081950,0
515140845,0
198304868,0
826222711,1
463393032,1
245847101,1
452019901,1
643725063,1
148341355,1
292587539,1
750890643,1
344649281,0
329131286,1
503335639,1
745063858,0
288858396,0
224096445,0
492209176,0
159218508,0
240687842,0
694685775,0
916868348,0
714593021,0
527403544,0
580939921,1
492083108,1
891562650,1
495201567,1
192836744,0
912749862,0
580072836,0
308792475,1
476437032,1
890966722,1
715460679,1
622346009,0
121070083,0
457697537,1
381231369,0
397116854,0
256808242,0
275218615,0
534457553,0
304214562,0
457205694,1
168631929,1
599466732,0
251804074,1
665029413,1
482834882,1
243975452,1
508832300,0
638085027,0
119041847,0
661267576,0
680997510,0
136684859,1
699294651,1
933379619,0
709479814,0
146369812,0
957310400,0
651177214,1
651441618,0
674749563,0
312800428,1
422245381,0
883273583,0
477876687,0
500887506,0
325421787,1
766534621,0
315711148,1
843119909,0
750710879,0
301523262,0
221568662,0
926355355,1
796518382,0
306480435,1
784856272,1
535264149,0
215573911,1
312335380,0
158528561,1
828254414,0
261219140,0
806726634,1
263674085,1
605129309,0
348764308,1
514624921,1
473398753,0
608738285,0
244599438,0
122206446,1
896375153,1
962949512,0
921754129,1
879367939,0
324411278,0
217478804,1
860608158,0
890034328,1
314680642,0
944311462,0
643794561,0
942671458,1
468779008,0
978257154,0
109763919,0
990446513,0
320212711,0
806603842,0
690747694,0
118436054,0
221135690,1
830518777,1
824355767,1
181706402,0
606424048,0
641878138,0
803447045,1
101734426,1
159164508,0
303045965,0
261950844,0
686355632,1
728154321,1
937196150,0
174304255,0
227215055,0
352953569,0
908570065,0
317970351,0
298203628,0
695772469,0
397871938,1
506541587,0
610615757,0
368373736,1
770228927,1
131087809,0
538974515,0
869371798,0
933655179,0
871899562,0
966270160,0
859837443,1
899250125,0
290999376,1
602622467,0
359108159,0
579832407,1
605195334,0
812121140,1
608587230,1
550837096,0
350788277,0
886930027,0
564672124,0
673156914,1
929321207,1
855529794,0
964231077,1
595784003,0
411349453,1
978709984,1
640410344,1
723020171,0
891172886,0
311279316,0
596517362,0
628656839,0
125463819,0
797476312,0
968144523,1
141879324,0
337795561,0
514623981,0
311055015,1
105737849,0
794991344,1
466170704,1
183796391,0
478297312,1
521422626,0
903419823,1
981804937,1
339389074,0
584978642,0
311647088,0
948025769,0
280848482,1
357302867,0
117023026,0
522533572,0
929259955,0
464054321,1
262647151,0
812548545,0
580954366,0
778556878,0
392268025,0
464053327,0
731200045,1
735039741,0
413189563,0
389135625,0
467641901,1
609906960,1
175308348,1
358865506,1
906971342,0
622100301,1
343704792,0
784807370,0
255018251,1
104262642,1
121758775,0
864412316,0
491354033,1
498001122,1
997230755,0
912860728,0
661679164,1
123093044,1
863905152,1
288630296,1
393836340,0
370169058,1
983059034,1
527683592,0
432404859,0
782241511,0
335690547,1
135785775,1
118859145,1
463685211,0
884008933,1
989354979,0
301105625,0
385453619,1
233645602,0
372017146,0
832977348,1
896284376,0
175329117,1
620854593,1
574798707,0
684251762,0
452548343,1
967711605,1
443252596,0
221099704,0
412770902,0
350205455,1
994720185,0
812857173,0
517995574,1
517970189,0
858638116,0
983382814,1
617453155,1
634745053,0
700509018,0
523891970,0
492145694,1
429901474,0
832607314,0
189759528,0
900806910,0
976518845,0
257219947,1
626640739,0
656377133,0
480118887,0
348051019,0
522989880,0
669957716,0
498316701,0
712052057,1
901995645,0
765716662,0
373903418,0
763821513,0
513195334,0
349930085,0
344751279,0
451866200,0
124439006,1
223116206,0
165123236,0
144964864,1
325506031,1
863024055,0
704215775,0
458470113,0
924395686,0
849085727,0
983093860,0
487540522,0
364101419,0
634333826,0
439313521,1
489898938,1
350413726,0
744092661,0
232405053,1
941705002,0
155722526,0
501703050,0
477590531,1
145978868,0
541728304,0
847667209,0
192003855,1
551636788,0
892382130,1
893344171,0
625627245,1
833498624,1
488430089,0
696888631,0
201731806,1
707153646,0
298948229,1
386191488,0
926275032,0
629983129,0
921463081,1
621621091,0
174377200,1
381009012,1
229553547,0
955661305,0
106800101,1
438589555,0
148618418,0
550902878,0
826331557,1
816348452,1
621741438,1
531588392,0
771255487,0
518816315,1
578567115,0
721110268,0
457801867,0
293521617,1
109563540,1
516628428,1
250122679,0
602839092,0
842333517,0
556502624,1
640021133,1
515162400,1
301174630,0
886963332,0
487904944,0
562488535,0
136548072,0
834558312,0
916464007,0
272284928,0
809859881,0
382339210,0
815513383,0
972962408,1
257744602,0
411279287,1
739322723,1
881182920,0
651605347,1
972452759,0
160221556,0
728850897,0
541361562,1
162403718,0
880964661,0
953078231,1
293073635,1
532490296,0
676233824,0
270673641,0
197979152,0
131227352,0
319504534,0
759031234,0
271545556,1
430378149,0
533214850,0
383581817,0
780008042,0
484595923,0
854444934,0
670088964,1
308726357,0
797895662,1
563673245,0
945707779,1
737475673,1
308970066,0
118499716,1
839721413,0
593366293,1
967665143,1
392602571,0
962411404,1
124232828,1
533293497,0
882584418,0
183473073,1
975555541,0
510053556,0
923728773,1
488569276,0
830693805,0
944291929,1
705399301,0
402509665,0
930096071,0
949039690,0
428997442,1
386934172,1
640501042,1
726634073,0
838591331,1
298588407,0
250600575,0
776986957,0
294736382,1
990021023,0
135508306,0
864598100,0
555046052,1
779424635,1
196111720,1
826680228,1
460735682,0
954982162,1
704390521,1
214402976,1
103405690,0
539856666,0
629944624,1
951863897,0
554955251,0
978037782,0
247813150,0
996878689,0
421715032,0
324217853,0
170321341,0
631382131,0
156233889,0
306426594,1
564281529,1
892485953,0
938738705,1
930124573,0
653930979,0
219046930,1
367431237,1
813274390,0
386013517,0
745925671,0
190614679,1
411878904,0
140628255,0
706602890,1
428228049,0
852484859,0
230669277,0
485805801,0
930874618,0
867950145,0
873879918,0
222598960,0
860867773,0
870429567,0
208012760,1
836493261,1
589954825,0
628144753,0
510162822,1
448188813,1
673393274,1
141495722,0
681519973,0
605355685,0
867789031,0
307061978,1
206266686,0
631791231,0
436722383,0
889174389,0
388688591,1
102299191,1
481110236,1
374764202,1
763751671,0
739633207,1
393776749,0
261385642,1
461423292,0
507854641,1
240835264,1
509272915,0
867396531,0
106684133,0
776211028,0
188366362,0
678343300,1
250735083,1
689200476,1
780598331,1
705330267,0
623515059,0
305214018,1
473343051,0
138322253,0
499626706,0
796842264,0
968986491,1
897284335,1
946476410,0
650258404,0
827201156,0
473285925,0
952539371,1
802095708,0
879959123,0
464436449,1
860863864,0
739860619,0
238839440,1
702906564,1
500847639,0
338793360,1
450277337,0
915228245,1
918969974,0
997651056,0
367905346,1
906436376,0
854862096,1
383264488,0
835283416,0
748072455,0
274334821,1
999523595,0
154963904,1
903813748,0
332418915,1
183784980,0
713073745,0
216715571,0
833204474,0
644434254,1
870500251,0
123905340,1
981190280,1
563438705,0
837299082,0
669807966,0
240335462,1
898442311,0
692654903,0
193742967,0
631049944,0
546046401,1
232244715,1
782521206,1
547963431,0
275417923,0
592701380,0
720812127,1
234796992,0
256647340,0
821220268,0
719504129,1
981490723,0
758579486,1
522352854,0
987504077,0
191313159,0
366758822,1
635737619,1
581230323,1
266272036,0
109822181,0
343834280,0
282051920,1
380155984,0
724641865,0
885896368,0
369331154,0
721217890,0
268202302,1
758324932,0
753333202,0
415034980,0
804432397,0
407579899,1
283986852,0
111974294,1
512227305,1
665871695,0
399977626,0
275905842,0
387090905,0
861585138,0
281891452,0
783122481,1
528886215,0
464737944,0
137594122,0
585731173,1
776664206,0
629714629,0
410419161,1
719290641,0
602675490,0
108063879,0
919770000,0
352077071,0
430406225,0
303879611,1
366181319,0
736829568,0
333178728,1
876440856,1
511023683,1
904856381,1
650369547,0
648502026,1
796153469,0
764262998,0
227778080,1
695493151,0
421196136,0
340110295,1
402818476,0
746857229,1
572549333,1
736104274,0
696360916,0
918137277,1
468996113,0
966771378,1
287194128,0
109021729,1
873555384,0
817544271,0
334768543,1
735683067,1
844187365,1
389371093,1
505514443,1
361623302,0
960959056,0
978554974,0
124457725,1
105549076,1
217796707,0
580252160,1
640910159,0
853421538,1
524891735,0
630527897,1
920975656,0
172023050,1
717821678,1
516517096,0
544868799,1
628560828,0
342034581,1
599953646,1
495527164,0
406027824,1
644624111,0
442068680,0
896235446,1
691847363,1
454883218,0
765887514,0
267727356,0
790074402,0
653039620,0
671643382,0
600028967,0
729189890,0
486743577,1
646327332,1
665197050,1
503423601,1
893285572,1
360804332,0
469489870,0
911219107,0
384580250,0
546680606,1
122266872,1
121479268,0
592836549,0
922694014,0
751746146,0
826735120,1
897401125,1
144606346,1
796431928,0
454957019,0
921799018,1
641214002,1
337162965,0
141461610,0
163950520,0
559523512,1
655975901,0
696039039,0
870018075,1
762034353,0
458893044,1
707977961,1
797400867,0
564767678,0
406388633,1
145587179,1
464665285,0
173928768,1
390216436,1
723439999,0
187512415,0
717498110,1
301214055,1
211467047,0
203290302,0
798626131,0
411366655,0
341882037,0
667278133,1
749240140,0
536297982,1
824070851,0
817941178,0
236498236,0
416802885,1
899862065,0
199762174,0
675234229,1
873622042,1
802208074,0
426473348,0
228585191,1
807226736,1
942335537,0
718506746,1
433836184,0
531326229,0
925544755,0
794651874,0
110020912,0
944877312,0
389876355,1
145289506,0
632591016,0
931233214,1
512788660,0
321774130,1
792254190,1
488793601,0
533363781,0
630478884,0
186149104,0
828587379,1
451854731,1
679370732,0
900299288,1
688047988,0
144075997,1
495946321,0
857151624,0
456146263,1
793771901,1
772038156,0
583095593,1
990763408,0
723069763,0
445192233,1
527166844,1
400700663,0
522911554,1
750042647,1
275715890,1
818421139,0
523425996,0
874449018,1
341037536,1
397485016,0
342013589,0
978232611,0
821857836,0
434941610,0
721055840,0
141015743,0
405392647,1
840945591,0
627368107,1
421874314,0
824066926,0
587593515,0
325547999,1
762169862,1
799012386,1
499664455,1
772627823,1
133899673,1
903962051,0
418567460,1
623841638,1
126117165,0
613673976,0
298587567,1
861467175,0
522186473,0
665459221,0
415734032,0
296903671,1
712802418,1
686747160,1
869418338,1
376657584,0
562920872,1
737754974,1
924510599,1
936440414,1
268329232,0
794774738,1
440960161,0
779616173,0
867806375,0
896994490,1
309363149,1
443158821,0
905699295,0
361922164,1
538153297,1
420709382,0
624188136,0
814020573,0
290889693,0
464122361,1
716853411,1
828130533,0
883400468,1
997901896,0
354408943,0
447509765,1
139704110,0
996104078,1
481930265,0
176637110,0
948141303,0
563532725,1
215272947,0
722994368,1
959380304,1
452640645,0
233683519,0
723711844,1
302894935,1
246411732,1
821471108,0
845589897,0
869217124,0
749094103,1
467178897,1
358978727,0
246163233,1
643348389,1
463360249,0
420624303,1
423716989,1
954425606,1
247112693,0
363128124,0
958996822,1
816263859,0
268093510,1
197742534,0
356221176,0
418511713,1
422883021,0
485632224,1
256700021,0
247614701,0
878348075,1
386137616,0
265665568,0
292285767,0
550056517,0
555311442,1
274625818,0
766164853,0
611558116,1
934369393,0
618071982,0
351079565,0
759109215,0
456698093,0
774072750,0
580621565,0
266978017,0
221254182,1
547229440,0
112824426,0
270340103,0
537126911,0
536286493,1
691538528,1
746139177,0
828080629,0
883265708,1
131957187,0
171269638,0
695172370,0
810752669,0
773565221,0
558133760,0
878611453,1
310769056,0
499749721,0
351096503,0
411359056,1
405145856,1
963044071,1
208932148,0
314659923,1
371949927,1
666112353,0
520232584,1
284679013,0
924268060,0
782639805,1
319493724,0
126747670,0
153577179,0
419913978,0
335350178,0
857914773,1
724393540,0
833483698,0
796743169,1
114355713,1
356238789,0
752962948,0
843074188,1
445382890,1
870530509,0
452206399,1
545090901,0
198983744,0
965791993,1
794825428,0
870688553,1
589990974,1
596705479,0
709931428,0
902652526,1
854693241,0
392713261,1
478784525,1
711702016,0
981241494,1
361996255,0
101587535,1
591491343,0
643055386,0
947659606,1
594644889,0
254398470,0
425199358,1
321487735,1
394714020,0
651001750,1
602876317,1
748692017,0
378008839,1
498443109,0
286079793,0
560560668,1
657089145,1
838979338,0
134533983,0
973051376,1
911603859,1
491070087,0
306198277,1
160876986,1
331108084,0
743904608,1
441405927,1
683698087,1
193291916,0
575590693,1
391569997,0
354830056,0
811386068,0
764080753,1
938433650,1
256431166,0
644189479,1
521363844,1
173598120,0
229372357,1
893547180,0
981348608,1
867677705,0
514382719,0
750137828,1
408052086,1
111023315,1
950478965,1
562663732,1
366850484,0
947873719,1
646638474,0
144882797,0
160032908,0
514417865,1
167064563,1
952632713,1
717470605,0
934377942,1
650397410,0
804840112,0
176821580,1
575117123,1
852393827,1
742509744,1
632598386,1
746810773,0
316440051,0
113442586,1
684411547,1
905942539,0
285556953,0
974995003,1
504701464,1
504408837,1
736370648,1
719927712,0
552861149,0
510993083,1
334656005,0
166480947,1
150728399,1
177390642,0
715348594,1
544332547,0
180662943,1
493639146,1
603920175,1
822784733,0
596633839,1
874042177,1
595410615,0
385898463,1
819233304,0
659340283,0
891038397,0
678505817,0
755481841,0
233032097,0
990342784,1
449992692,1
147968446,1
284365655,1
225256166,1
530149949,1
838518842,1
129114187,1
854219149,0
153262189,0
770558324,1
394779410,0
185548079,0
247717068,0
120820186,1
142344721,1
272831118,1
916670640,0
271821129,0
250870300,1
472382938,1
739496401,0
760125454,0
265356804,0
829205607,0
494230285,1
963934246,0
157379807,0
391096946,0
802032896,1
920225257,0
989627965,1
553362720,0
728084389,0
272530950,0
681974739,0
772711225,0
752618506,0
297388453,0
302011455,0
208435471,0
467191860,0
200098393,0
763557495,1
373684346,0
595461401,0
320750904,0
731947299,0
600226340,0
157911590,1
623415113,1
358607002,1
689671903,0
796644448,1
824676534,0
157623037,1
824469804,0
447413469,1
920769010,0
794719181,0
148100152,1
615017198,0
756094489,1
201774572,1
710355658,1
157983600,0
532466470,1
181994287,1
619330939,0
340968732,1
747994060,1
655273413,0
819549951,0
451387224,0
411599154,1
401135647,1
608255041,0
174881758,0
685586771,0
583604303,0
138585680,0
322745695,0
635530279,1
186501525,0
590271856,0
907690734,0
208447267,1
492545447,0
857285204,1
215342296,1
592551540,1
442415369,0
729259614,1
258949788,0
275688984,0
986203589,0
442647233,0
781728893,0
457243485,0
493829821,1
909009568,0
155058905,0
850692513,0
316305894,0
494223393,0
547868453,0
856408802,0
515164430,1
306053314,0
532349074,0
927105681,0
553505335,0
190222620,0
400058184,0
513870745,1
569489777,0
321085927,1
636045062,1
320238417,0
687032634,0
186373881,0
854539087,1
214660282,0
751114955,0
698711446,1
834092308,1
670052342,1
232884655,0
549381734,0
901731959,0
940274468,0
194368486,1
176700260,0
974557256,0
515674069,0
303016351,1
742299701,0
830227248,1
657285850,0
408793963,0
569388576,1
949908200,1
688339857,0
343969650,1
525681314,1
337142903,1
879363428,0
661558247,0
692830328,0
549404121,0
296353434,0
427786522,0
160215030,0
230044189,1
776927219,1
229045902,0
154096199,1
614029369,1
553497480,0
187458042,1
882236460,1
983662964,0
377420958,0
914049515,0
905245895,0
302866144,1
849996333,1
131400977,0
285673433,0
122983577,0
299919694,0
324480038,0
375875256,0
954910277,0
765550052,1
189353616,1
767103341,0
408990808,1
303166772,0
191999076,1
361017191,0
757059095,0
813544843,0
721874974,1
567467612,1
848956668,1
579361588,1
209093398,1
662185289,0
806207313,0
887915636,1
783821215,0
768591882,1
352832279,1
933967645,1
886714648,0
247287832,0
336092870,0
381984442,0
318456799,0
867676438,1
487658363,0
137972602,0
670576767,0
831262939,0
621273924,1
504024161,0
645355367,0
730941647,1
972016633,0
561712718,0
558617420,0
117413250,0
845286997,0
305177456,1
431482778,1
904936893,1
881102968,1
769953798,0
466125152,1
166239668,0
325720433,1
501432758,0
926846421,1
172268027,1
499754650,0
563027604,1
904835675,0
512399348,0
985312324,1
604765490,0
464060665,0
248076712,1
766520293,1
431670248,0
844302190,0
512496874,1
780750297,1
230069252,0
563061986,1
392523845,0
153863529,1
969006411,1
349946509,0
921944966,1
466756336,0
213970173,0
993033894,0
438783523,0
711792239,0
229180861,0
263389003,0
601500289,0
297688107,1
813361619,1
769579481,0
786548284,0
219774627,1
456575946,0
118069710,0
201654271,1
370458037,1
670151110,0
120161893,0
292507587,0
952856538,0
468235835,1
570547585,1
423266655,0
190585257,0
506978649,0
490095266,1
875413201,1
206368570,0
108309528,0
232900923,0
557621936,0
299608818,1
362607848,1
863044937,1
441245609,0
514171394,1
441936968,0
462940676,0
253872001,0
976058323,1
285446243,1
924959888,1
711366821,0
266094624,0
771571928,1
277131666,1
600770953,0
360217322,1
636558918,0
996811887,0
839301369,0
386861682,1
700979576,0
332102988,1
851138070,0
674386110,0
682157254,0
798473330,0
651401901,0
967759357,0
981382673,0
122113698,0
928857282,0
600224489,1
941110402,1
253776500,0
770864191,0
262515096,0
740652507,0
101787969,0
642823490,0
371108232,1
727004003,1
858695687,0
267324922,1
461787649,0
811357332,0
425978231,0
424768896,0
125169451,1
818075825,0
733781534,0
144066758,1
117003530,0
741751603,0
735206102,1
193589871,0
184968785,0
514765521,1
621934311,1
347438626,0
590379924,0
605714249,0
495878143,1
227188718,0
209073658,0
867320069,1
398557457,0
948189515,0
342592056,0
994636320,0
496154211,0
460658049,0
147853088,1
602489020,0
479207244,0
136592916,1
787068703,0
833337854,1
221609192,1
692893501,1
588550704,0
946018219,0
552804837,0
510321913,0
995463259,0
943346316,1
239836092,1
108678812,0
169901150,0
320899903,0
484248727,1
776717663,1
826226891,1
430198430,0
205180705,0
904587062,0
678780418,1
537919918,1
778560523,0
738885874,0
702007653,1
791514542,0
827644197,1
267790462,1
271350135,1
529155398,0
383893151,0
477486747,1
688821814,1
894530752,0
675145292,0
304334583,1
579805740,0
513764260,1
832005378,1
576555047,1
307064074,0
599692114,1
748674348,1
579963165,0
577309138,0
199836305,0
315533305,1
410341944,0
720494724,1
286099422,0
736054173,0
514849243,0
275484460,0
362044540,0
934952025,0
767416076,0
560877354,1
875827943,0
841722050,1
324050310,0
211680335,0
665406530,1
516822826,1
789577202,1
848654303,1
552091947,1
802889911,1
829322621,0
677915504,0
550042102,0
251326800,0
715589470,1
109224645,0
925211515,0
355362868,0
786864436,1
507677262,0
340859982,0
305391104,0
380044189,1
314899014,1
448643078,1
393818498,0
658170301,0
327203360,1
513808862,0
713533044,0
769890308,1
695074867,0
204178393,1
194605705,1
950412122,1
520545190,1
242265696,0
731707824,0
691284789,1
873018387,1
452084886,0
962065800,0
534409509,0
988138677,1
958830703,1
717233127,0
889776662,1
266013894,0
403531268,0
805530009,1
922115894,0
482756239,0
192308453,0
981478476,0
253145918,0
290701116,0
559598754,0
545548809,0
196049220,1
973178102,1
434465777,1
613032579,0
658684215,0
825553510,0
925629395,0
994661604,1
750616096,0
231062054,0
114006704,1
612893025,0
857176891,0
156233360,0
346906374,0
752199001,1
286926961,1
346209655,0
465779493,0
891280491,1
450594195,0
527778209,0
914925701,0
475962979,1
580830019,1
623901719,0
189716115,0
679422900,0
156744113,1
721929221,0
213029744,1
146149298,1
172011458,0
506002574,1
905281313,0
616541340,1
138749616,1
666711666,0
545347885,0
719972420,1
768114220,1
909179274,0
880855948,1
353345546,0
172800093,1
167133427,0
168486774,1
210378315,0
675551975,0
868303262,1
893901036,1
519704336,1
377956106,0
239212064,0
392424560,1
128355898,0
970173068,0
764261713,0
702906246,0
758954483,1
903556004,1
147946213,0
908742429,1
769425997,0
122078953,0
319664696,0
749390536,1
907304865,1
909101740,0
782337369,0
316371735,0
325516896,1
651438621,1
592685826,0
776672568,1
713952543,1
564464177,0
849938408,0
750794238,1
547555019,1
878760308,1
299536629,0
392600305,1
289020402,1
195985806,0
640114293,0
790854659,1
392180278,0
814955725,0
276335158,1
934271473,0
716341776,0
728760946,0
199747275,1
309525765,1
345599550,0
775871178,0
884898991,0
749591953,0
555711804,1
409912468,0
928931240,1
210960525,0
930427499,0
250139024,1
287049542,0
725563845,0
298556829,1
695945119,1
402216336,0
897480534,0
828569770,0
228794135,1
971859637,1
917482442,0
407530840,1
648329275,0
232468207,1
640124426,1
522375281,1
895341638,1
922704764,0
783611865,1
849399132,1
202109449,0
295288667,0
163669086,1
816492684,1
321556756,0
398464132,0
492581905,1
227962041,0
405015111,0
326200814,0
340556500,1
937004041,1
368032430,1
174184477,1
530961684,1
651059671,1
234740347,0
972774229,1
684798643,0
227874963,1
737097958,1
484230153,0
755446788,1
931265866,0
966755516,1
567530547,0
103078902,1
196791586,0
292653768,1
154072576,1
523942863,0
904362071,1
238827407,0
973776256,0
754062826,0
669185190,0
446686636,0
932099732,0
885872026,0
324326164,0
575378317,0
593005194,1
491035751,1
426327240,1
464510929,1
356085129,1
745085386,0
556585338,0
802731713,1
472131279,1
446197528,1
859482781,0
597600482,1
502001339,0
301197440,0
400921099,1
595381752,0
581800603,0
155381068,0
614347065,1
255288961,0
584080048,1
366428200,1
629357144,1
309415549,1
217289011,1
571138444,1
905217325,0
986241523,1
833116829,1
935284111,1
480294108,0
768268276,1
746278242,0
366358804,0
929205390,1
435184565,0
540882166,0
384540958,0
307216088,0
475282872,1
997774938,1
135267171,1
171093158,1
949331170,0
408325133,1
635345796,0
673590732,0
840392100,0
961671586,0
586715551,0
427874721,0
679051653,1
734641153,1
457826010,0
545559923,0
164263733,1
663769140,0
470958781,0
728568579,0
666551416,0
873689294,0
317976450,0
765184422,0
274027681,0
253633975,0
782895349,0
763039115,0
514832738,0
149375837,1
451930850,0
406946329,1
347550750,0
322819671,1
520428323,0
466371099,0
417320415,0
778520457,0
722477212,1
626726405,1
405696954,0
819350486,0
393331735,1
849854335,0
761019926,0
260178837,0
956399296,0
811453013,0
740049818,1
517893003,1
913627676,0
410850804,0
232163957,0
237852671,0
104693401,0
739338772,0
156213808,0
629980707,0
949792180,1
651071545,0
608755182,1
373647124,0
102321474,0
221646590,0
711626831,1
990387412,1
938751466,1
536074498,1
166108150,0
473561438,1
221171196,1
907441186,0
701505214,1
737392699,1
899862314,1
528359494,0
429210101,1
709851717,1
671963213,0
342218851,1
181540453,1
334423446,0
191818971,1
884682715,1
188257192,1
335242483,1
147935620,1
422335016,1
161150827,1
790626359,1
484208207,0
992256375,0
588283285,0
494358532,1
453737016,0
442013097,0
244400436,0
643804119,1
913126114,0
717241333,1
267012812,0
919878508,0
796600080,0
610902400,0
536640375,0
236863510,1
453142961,0
249378346,1
113314950,0
713476459,1
862969848,0
487779418,0
142334963,0
926444977,1
259445294,1
269010718,0
950957175,0
111489846,0
945056753,0
512019722,0
613209100,0
946830330,0
596983238,0
711239339,0
514728112,1
155916698,0
444423081,0
900793354,0
303536775,0
380942536,0
825026991,0
120594034,1
128478093,1
248835065,1
861130444,0
337255051,1
757488638,0
825596160,0
266241228,0
869546270,1
525004616,0
761477909,1
674134287,1
936349823,1
289606595,0
349596297,1
757094203,0
795944074,0
578444765,1
248785731,0
896662731,1
868387558,1
226930276,1
495940096,0
904303235,0
212018861,0
211904406,0
432588754,0
285070440,0
677793042,0
780516729,1
267349012,1
105618523,1
829718666,1
819416781,0
824282820,0
845435104,0
157205653,1
830501689,0
551732573,1
726205424,0
491226546,0
553141007,0
727170220,1
376957037,1
507838495,1
714671887,1
424449309,1
991478605,0
493889871,1
798922419,1
451080339,1
627546037,1
891124685,0
894341119,0
893407811,0
808181238,1
909206081,0
538868252,1
640895648,0
332694099,1
793057992,0
618922896,0
477361240,1
801799388,0
194116668,0
170417625,0
888894595,0
262104634,1
432498992,1
751945966,0
886170314,0
162443615,1
685868578,1
931676457,0
397808860,0
618698969,1
948481687,0
574318851,0
676776107,1
296746739,1
619831149,0
367746163,0
599581603,0
134997000,0
836795875,0
198442290,1
466686943,0
819651479,1
963945648,1
157620642,0
814812053,0
163709250,1
981293927,0
656326722,0
966864454,1
605875522,1
321701793,0
204641080,1
820262371,0
565788957,1
730520057,0
588042624,0
867787841,0
421479823,0
510212815,1
219546844,0
691212422,0
392564469,0
167921372,1
246499080,0
111609940,1
176132783,0
159596822,1
350917524,1
845842361,1
630049781,0
801360533,0
544148376,0
963096266,0
736205948,0
218973528,0
236130090,0
267931462,0
499824348,0
784342331,1
691723169,1
176245357,0
471672540,0
138910966,1
558124096,0
966461864,1
571267665,1
798493519,1
741568894,0
588904889,1
730699176,0
334373183,1
707523493,0
481872063,1
524865037,0
830881568,0
624779503,0
919525075,0
467231848,0
283323372,0
917344905,0
594535207,0
723834290,0
416755927,0
526895168,1
842768978,0
232670154,0
498120731,0
393535881,0
443761329,1
685164232,0
913217010,0
593624636,0
616715036,0
726583781,0
359219914,1
184598610,1
646577382,1
975253401,0
312785801,0
289031960,0
144296733,1
858245000,1
214493607,1
137769944,0
133497873,1
506943013,0
433446918,0
598944696,0
719767622,1
923098334,0
839140108,1
885810182,0
669677002,1
979699459,0
926067744,0
279429250,1
270519457,1
788806146,0
530772019,0
246273721,0
708685422,0
323106130,0
222812089,1
760251784,1
538577649,1
276934903,1
260793791,1
632860565,1
370445888,0
812432695,0
974495220,0
486991705,0
677207157,0
812540739,1
101444166,0
920450046,0
970494604,0
202105389,1
385681972,0
338473226,1
167324071,0
521397648,1
829068995,0
244541837,1
987383356,1
350369151,1
734378515,0
290725404,0
600789662,0
206517448,1
937137670,0
723732095,0
610405869,0
462065388,1
991112053,0
134703066,1
110929982,0
556790376,0
803572144,0
973414621,1
302217117,0
213710252,0
507027027,0
951497020,1
429125426,0
876498558,0
971189646,1
353350226,1
913640687,0
257738339,0
669830701,1
976273041,0
567302422,0
436747429,0
131488961,1
471543281,0
416383586,0
349018202,1
831808201,0
587393626,0
655534002,0
342653658,1
708664651,0
440022845,1
371993622,1
952115961,1
669262067,1
663586317,1
695150310,0
348425804,1
882248419,1
641871639,1
880184559,1
895949078,0
471115381,0
393137745,0
868833531,1
363102171,0
659865861,0
169531795,0
511726039,1
192184779,0
324359493,1
783033257,1
116078913,0
162110618,1
266581926,1
163350029,0
801224737,0
206648140,0
832162287,0
373999625,1
344486506,0
644404456,0
794587566,0
756379691,1
415972792,0
280107740,0
161362921,0
728316103,1
383857407,0
215396202,0
331612379,0
982211474,0
881666797,1
428123983,0
736178023,1
394695499,0
435829169,1
601837820,0
248975754,1
892011786,0
958150573,0
875787079,1
960061805,1
398760600,1
447078000,0
970528115,0
819304164,0
919189716,1
671501322,1
372521650,0
286862250,1
144752292,1
718907313,0
431030608,0
961162028,1
424901052,1
149018988,0
277168062,0
525663728,0
844108697,0
333297642,0
686746802,0
297029245,1
911548331,1
698488063,0
833237201,1
573230220,1
271881611,1
858245496,0
586540385,0
180459445,0
928280184,0
135102692,0
247221917,1
636268472,1
334466103,0
572377330,0
425591376,1
349240946,0
977890706,0
244917060,0
138026745,0
186139998,1
960630839,1
996333549,0
328903093,1
713675613,0
148696329,0
593421078,0
801427832,0
667164540,0
111524301,1
613838764,1
345501942,1
457622006,0
291205886,0
397221999,0
277002266,0
567001250,0
562568859,1
985419013,1
357016170,1
808988411,1
686914160,1
271632574,1
864844579,0
127831408,0
814203130,1
844017786,0
720649466,0
713976435,0
883179694,1
984043177,0
360351802,1
814436132,0
682089824,0
920127263,1
733854427,1
546430168,1
303244776,0
315243727,1
317022915,1
294917244,1
171151493,0
708745400,0
448887688,1
392668361,1
738489773,1
434730633,0
661265862,0
527321407,0
937173198,1
925780185,0
970752487,0
650327692,1
494631224,0
249329202,1
873912364,0
534535059,0
751884134,0
551701864,1
299751695,0
826614405,1
921724898,1
884431263,1
210376679,1
532241169,0
257136227,0
551107031,0
710567450,0
287937862,0
455313710,1
397424270,0
872663704,0
777345284,0
941608082,0
374197871,0
361720930,0
935754893,0
624364045,1
688486602,0
776032455,1
555962950,0
119588392,0
685670999,0
692954899,1
737325004,1
372257501,0
946006298,1
973037997,1
537469071,0
141874358,0
391892286,0
932175399,0
290773419,1
330538722,1
846158891,1
320828468,0
188760315,1
419708043,0
601555475,0
602267189,0
571036999,1
636499665,1
401141253,0
278089452,0
120248230,0
553239994,1
567805016,1
218120039,1
635064136,0
748416811,0
818043291,0
498089718,0
170214523,1
959084235,0
276528174,0
928767949,1
856781386,0
665609764,1
712225731,0
522880316,0
835488890,0
157068907,1
315823114,1
481617522,1
128128814,1
771377362,1
467086552,0
570362184,0
704774418,1
255751705,0
703195147,1
847833043,1
800461006,0
538101135,0
383436742,1
964307686,0
248641734,0
303641730,1
617173401,0
392433211,0
995991371,0
862203835,1
741230110,1
543396046,1
698721710,0
410198414,1
786729294,1
243016379,0
792208524,1
825106918,1
379637936,1
618390856,0
791107694,0
522729597,0
380439308,0
688517613,0
181713573,0
967703602,1
817393791,1
206854243,0
156385523,0
679635461,0
672795333,0
521106684,0
529241908,0
327887720,1
776598510,0
363652696,0
633366204,1
368442213,1
195837992,1
454135566,0
870715377,1
199268475,0
681891628,0
807245377,0
809073167,0
719138822,0
732590296,1
313409638,0
844060362,1
974558977,0
884365520,1
649501450,0
578779995,0
119880589,0
416933258,0
422949591,0
404022557,1
626272980,0
634069000,0
473632022,0
681035574,0
718616361,0
879479102,0
481418981,0
906193969,1
110193590,0
326340446,0
648720691,1
714980444,0
159955829,0
168430141,0
335702128,0
394741617,0
894684949,1
971222223,1
234022136,0
756153129,0
633669924,1
613640187,0
774708143,1
812461881,1
511250129,1
454369378,1
352467134,0
274430082,0
925360652,0
890609861,0
988307957,1
141998436,0
838812260,1
195278889,1
404051228,0
364166385,0
275014135,1
639501528,1
940541131,1
894941046,1
348579289,1
343252640,0
288628079,1
866250164,1
380192155,0
708729888,1
730382997,1
247462985,1
987960492,0
415231095,0
219150988,0
320335367,1
943337015,1
760740189,0
969684915,1
648557450,0
958159567,1
663041659,1
561228778,0
861787470,0
789012215,0
728812076,0
290182266,0
125812996,0
888793614,1
645890335,0
835169740,0
429854315,1
451510130,0
686917610,0
460714474,0
223808820,0
231272783,0
779272446,0
225585920,1
238943291,0
149896460,1
808182490,0
713035327,0
371373701,0
132211576,0
490314636,0
801730178,0
687126078,0
796421159,0
262305587,0
914528986,1
696599007,1
427870778,1
752660680,0
605707138,0
579609821,0
819353451,0
414874773,1
946211758,1
193307259,1
704159253,0
203935727,0
275866570,1
750840890,1
279679519,0
503511400,0
399003655,0
287631897,0
731019295,0
473987799,0
649916734,0
700846064,1
951284527,0
899356975,1
374349973,1
991081356,0
764504625,0
368947103,1
381889330,1
946441105,0
420839827,1
977899544,1
742769000,1
609927471,0
502421202,0
543682172,1
603364071,1
730869442,1
468062093,0
174080166,0
925204377,0
295960658,1
153899047,1
678250028,0
591407450,0
477857061,1
942439564,0
121861139,0
760155737,0
867916478,0
281053292,1
512196013,0
987137630,0
635516917,1
690549894,1
275794189,1
247730951,0
283196189,1
765857948,0
588545354,1
879100696,0
536843448,0
758631067,0
133958348,0
263110615,0
428115163,1
574727058,1
917687179,1
691463573,0
600425066,1
527803657,0
437358880,0
200867586,0
573730569,0
357244908,0
501334195,0
158101340,0
997761223,1
135209089,1
312351602,1
584830323,1
455957781,0
437871409,1
276861237,0
390975289,0
812264674,1
926117573,0
645060157,1
900034217,0
485715964,0
654131757,0
120227797,0
203232151,0
377031715,0
936548182,0
964810553,0
240619781,0
536113959,1
316093781,1
106786335,0
843193595,0
807511883,1
937031443,1
836249261,0
947397200,0
823419067,1
113085151,1
944117156,0
187690660,1
533964103,0
273993746,0
326445351,1
148449891,0
376402260,0
512930931,1
897285143,1
668058157,0
726907898,0
984609035,0
118325592,0
504671229,0
176710898,1
467557131,0
759254204,1
830260797,0
551806353,1
110623914,1
280313786,0
820202163,0
233152740,0
439630575,0
312643885,0
514993263,1
470721246,0
441178347,0
622487493,0
227882919,1
840655095,0
352576598,1
741632683,1
256004539,0
523549677,1
542793892,1
899678384,0
837939650,0
185702244,0
390214674,1
930055930,0
472269298,0
977616713,1
174607967,1
453364633,0
164201207,0
503099679,0
778602235,0
176832787,0
311525337,0
280364230,1
601964140,0
967799906,0
464478589,0
360788073,1
729180463,1
899353578,1
701156098,1
892936942,0
121882588,1
549431434,0
514304393,0
640488921,1
532637533,0
448897278,1
635033432,1
901411495,1
605213007,0
952413863,1
679711460,0
936103159,0
375885406,1
955232516,0
982015553,1
953715963,1
849703315,0
236455930,1
282365032,1
217389836,0
100886654,1
377233370,0
287571462,1
974383342,1
415371211,0
111445796,1
424387911,1
257965036,1
376455339,0
497018630,1
328858625,0
101619222,0
343044917,1
853707898,0
827067505,0
950818620,1
465404712,0
679561003,0
418990106,0
593566629,0
271073860,1
149637232,0
320181287,0
487229914,1
392500343,1
585968743,0
981295478,1
978678778,0
586698638,0
150500539,0
596444866,0
327875783,0
480842120,1
501715432,0
290725104,0
159318838,0
460328484,0
731300991,0
333390671,1
545535605,0
667129408,0
657862485,0
685694353,0
108651494,0
528237411,1
644423047,0
468726092,0
244975225,0
322577231,0
252333032,0
807448305,0
384569267,1
440345247,0
523334772,1
952417129,0
504590394,0
553389665,1
391241283,0
732615034,0
969430543,0
264329966,0
740638963,1
529968803,1
762084258,1
733088379,1
245745353,1
292109199,1
373410999,0
300443339,0
807688931,1
971353120,1
510402187,1
749491110,0
261324915,1
795656041,0
580995229,0
939073037,0
682101292,0
833156692,1
816285478,0
878041889,1
653814106,0
593776123,0
472919871,1
951177518,0
211342601,0
928051630,0
689173382,0
141320524,1
288610562,0
831282268,0
408553148,1
334439408,0
742928851,0
531178272,0
305502413,0
925840934,0
521295112,0
864457982,0
590154560,1
123208245,0
697796962,0
623946924,0
911653792,0
853011697,1
317613351,1
878904211,0
934068164,1
171729215,0
300781099,1
463519358,0
753611188,0
833590998,0
919701182,0
728641561,0
309775677,0
431717308,0
568656307,1
424091691,1
395769049,0
755166065,1
954149136,1
646589433,1
285626713,0
674304306,0
154969446,0
556434430,0
245090350,0
415765044,1
731587581,1
631512535,0
410206654,1
759023629,0
255033542,0
141348921,1
733189941,0
148716069,0
892866117,0
629555704,1
826803198,1
258044600,1
258160522,0
220790047,0
955827914,1
463910446,0
284020003,1
303471720,0
731381509,0
913976844,0
386767292,0
727454831,1
727772960,1
570224272,1
830242070,0
129650220,0
516340525,1
363923335,0
259953353,1
652599326,1
660641048,1
757017202,0
356007739,0
101994095,1
141528922,0
626333181,1
570782438,0
731682036,1
998370157,0
180557872,0
183611946,1
724067718,0
356322285,0
625826296,1
562759793,1
788500805,1
872104576,0
869847314,1
552979397,0
981030429,1
458213189,1
900980731,0
447276445,1
782777882,0
591401910,0
477921958,1
660567648,0
449951529,0
921217608,1
544010635,1
773956201,0
432841085,0
334822733,1
291132650,0
806006572,1
788171932,1
451109356,1
548850203,1
255636657,0
437496173,0
251521343,1
857113599,1
581031409,0
775777902,0
831841077,1
215949434,0
887895171,0
445016327,0
447489309,0
662091241,0
417536052,0
576920776,1
668452330,0
217969499,0
277436035,1
225313846,1
228261439,1
717391732,0
605116077,0
464979042,0
440451616,1
509889618,0
813078243,0
715020140,0
594952611,0
495059740,0
654348684,1
932510010,0
761725593,0
660271860,0
799064453,1
136039423,1
668639761,0
436809114,1
329099930,1
550186841,0
632982115,1
804012921,0
183139167,0
150299353,0
834839071,0
917368248,1
828360498,0
398723988,1
182543938,1
950750004,1
919458887,0
135223535,1
746811848,0
637896115,1
328474101,1
412895973,0
768405843,1
174016648,1
527593865,1
121365623,1
656947814,1
225605106,1
761995715,0
475584476,1
557575636,1
830362407,1
745785829,0
117233859,0
144076205,1
163469431,0
233141749,1
130319369,0
506560765,0
321239109,1
145761170,1
603321282,1
292452837,1
269897751,0
368834064,0
353945333,0
817608150,0
503820373,0
534460146,0
469527772,0
185026366,0
614352920,0
287036738,0
563791505,0
138712190,0
784657883,0
950559805,0
885793271,1
533937803,0
412876305,1
436083817,1
913523449,0
609981022,0
211325603,0
996512100,1
762032595,1
533233464,0
415650315,0
374933442,0
110969457,0
153946503,1
851540013,1
225700653,0
832143747,0
493343075,0
148474096,0
722153289,0
308283657,0
509983823,0
438816787,0
820020770,1
133569480,1
425451985,1
371858632,1
544684060,1
734619496,0
924484681,0
546283836,1
248043738,0
880982017,1
146285466,0
903341996,1
135437169,0
604903890,0
193354256,0
958245914,1
682715592,1
414943886,0
974149772,0
968404596,0
872101457,1
165491166,1
498594432,0
562851626,0
714868650,0
503262565,1
764514131,0
685236080,1
431875887,0
254851089,0
937302785,1
832238487,1
657645976,1
169967887,1
731924784,0
755751249,0
644596830,0
491644164,0
450696816,1
600998809,1
964876485,0
812583148,0
823370598,1
206301902,0
268913344,0
334953852,1
188721089,0
998938924,1
614153776,0
995746510,0
621709444,1
938560509,0
351855337,0
177971238,1
160308277,1
239544775,1
682918355,0
128640012,0
335003756,0
648890414,0
336241329,0
491366762,0
752068125,1
568293992,0
255905069,0
900822055,1
302520569,0
252229841,1
417983047,1
125953307,0
809680338,0
299944032,0
889050073,1
591981018,0
582063742,0
315213769,0
685600043,0
527154963,1
276458284,0
685671188,1
874673417,0
204512818,0
774856332,1
983348287,1
672159060,1
693578875,1
270632657,1
294809293,1
895670984,0
657222650,0
280491126,0
261710786,1
646813045,1
744692440,1
139325728,0
472535846,1
951472987,0
859712400,1
345917472,0
774495746,0
829916957,0
922746034,0
670718610,0
810904064,0
728184893,0
523437704,0
260505138,1
608637759,1
537192687,0
547231870,1
487336480,1
225143602,0
365358799,1
228393559,1
450155050,0
337306395,1
759610386,0
768044168,1
522774249,1
505743571,0
987684923,1
924137411,0
144418076,0
402643724,0
380070500,0
759072331,1
291628138,0
259357503,0
964473678,0
354656125,1
135573644,1
563270549,0
832545802,1
603018265,0
953558689,0
702079667,1
194503213,0
144091257,0
668742476,0
269186924,0
104486364,0
124456118,0
935139365,1
549634875,1
537580743,0
516535391,0
936625378,1
924454463,1
899548291,1
663521747,1
738747278,0
169198145,1
956188045,1
577623692,0
564865939,0
885402637,1
758740748,0
224525989,1
238855894,1
568117589,0
995219151,0
358213044,1
437453345,0
624015655,0
219989648,1
156113775,1
704021517,1
135054655,1
467937544,0
527441741,0
985301136,1
709817196,0
550243808,1
405149419,0
782588149,1
912292909,0
264898999,1
112408514,1
976632205,1
315850690,1
924897587,1
478472621,1
339474561,0
397807123,0
458547007,0
491313486,1
787627336,1
543997234,0
978620549,0
442338812,0
443132697,0
336848606,0
899004231,1
387297115,0
903337751,1
772363280,1
565816906,1
884611416,1
468847247,0
513432924,0
343226998,0
259585804,0
162274186,0
531105198,1
339292614,1
175921191,1
333928649,0
326316657,0
183449752,0
920555364,0
345944194,1
249591439,0
961061856,1
148115198,0
438173009,1
512340599,1
741422892,0
372982988,0
641149313,0
260879265,0
295899498,0
860237880,0
575398347,1
381865293,1
844724467,0
173370802,1
524650486,0
593082924,0
208544527,0
494952987,0
892275207,0
871951876,0
266645735,0
284550755,0
619891650,0
318987474,1
162708161,0
544278496,1
333653105,0
436273791,1
649188965,1
901848099,0
960621099,0
346301541,0
554485067,1
216919267,0
885739085,1
831558066,1
696099863,0
757133456,0
686798664,0
618022266,0
795719617,0
897596136,0
619104813,0
393820541,0
866790271,0
410913225,1
500333160,0
126223967,0
160977803,0
919459844,0
348321995,1
502481464,0
148190100,0
353594075,0
587085292,0
497852815,1
390104022,0
646372044,1
982202881,1
631588594,0
300847801,1
265118953,1
570972051,1
960577204,0
188971102,0
113058581,0
713088997,0
213904588,1
964421625,0
384041272,0
707750070,0
757815781,1
479250053,1
506877835,0
161126216,1
970885625,1
811869815,1
337329229,0
380939925,1
576863889,0
887512740,1
290301576,0
246598555,0
935203956,0
882875944,1
985248381,0
506113776,0
522917426,0
263984304,0
548903668,1
153252341,0
906656360,1
519561830,0
828863858,1
804068065,1
414493644,1
234198133,0
392556611,0
882390727,0
487225362,1
881579065,1
595957870,0
892419066,0
430666092,0
917602131,1
284452800,0
415640428,0
554982527,0
198046373,1
156980812,1
551135589,1
107281045,1
521829037,0
909637379,0
914681472,1
433706610,0
833679059,0
881681940,1
742897793,0
716305196,0
586648751,0
113118312,0
306148019,0
357890932,1
491861075,0
992796208,1
232944783,0
240750295,1
805649253,0
207531803,0
464264484,1
539203360,0
579296066,0
128802234,1
473872913,0
201075399,0
491756797,1
972266732,0
351023705,1
662892989,0
834516648,0
898104647,0
879029025,1
695999642,0
344931286,0
169315234,0
390563265,0
272337067,1
789099524,1
414968185,0
118960386,0
510340124,0
458164499,0
171841268,0
906860979,0
177890037,0
584423854,1
187293550,0
133952736,0
883969720,0
207274818,0
100039115,0
545353617,1
166951593,0
644670965,0
522673428,1
662542667,0
539441269,1
399061475,1
410927144,0
842518770,0
806147333,0
589113598,1
130632494,1
953817890,1
436283057,1
700014861,0
737039602,0
183743720,0
227137812,0
861240190,0
811133637,0
773664552,0
636704562,0
501784995,1
527488930,0
179808735,0
752692347,0
221194042,0
192892978,1
746413481,1
238062787,0
774550753,0
394720936,0
244631248,0
189151241,1
454376423,0
424251652,1
418338785,0
900587899,1
610224034,0
181135189,0
563897089,0
635416913,0
677497937,1
253016448,0
649255391,0
695227966,0
542309306,0
574755298,0
621664686,1
911621647,0
956472719,0
816703680,0
152580756,0
606052629,0
125601940,1
956131561,0
677379725,1
292876207,0
295854506,0
950180618,0
374815593,0
416904258,1
995979669,0
517982387,0
513393520,0
854606490,0
195712490,0
357986913,0
532941162,1
859196687,0
278633862,1
425653708,0
552193275,0
772616704,0
989486625,1
880813976,0
158732104,0
936121462,0
521571235,1
129565628,0
586608649,1
969525245,0
500846931,0
968636818,0
434685090,0
345403770,1
454501922,0
786794708,0
695851181,0
765565945,0
323295307,0
899389193,0
945549533,0
458794656,1
641332732,1
525050347,0
942276479,0
756266877,0
876413628,0
832074925,0
659500496,1
287171474,0
217222953,0
562612356,1
370091806,1
676964020,0
840428103,0
439268440,0
417499295,1
398954012,0
861906679,1
595816840,0
649078935,1
458933185,0
273169983,0
537163116,1
963440461,0
353808644,1
579672157,1
829987045,0
341129365,1
596458523,1
555504962,1
175561979,1
585843350,1
347311736,1
615886453,0
131822015,0
668599642,0
659196502,1
198230751,0
421860127,0
806255137,1
431716356,0
196144595,0
383507315,0
866178714,1
776554696,1
361496734,1
768702531,0
895245325,0
719073034,0
306964142,1
180284828,0
621143129,1
834971168,1
756741743,1
641158406,0
384710066,0
271518385,1
242236392,0
290312238,1
847663043,0
150823722,0
994841181,1
953458116,1
398250142,0
854032375,0
799580791,1
638207454,1
952979787,0
512174720,1
407481932,1
275045227,1
196653681,0
292451266,0
300466132,1
396547588,0
309316753,0
673031618,1
107989848,1
957981997,0
538516556,1
394656441,1
791643504,0
672110975,1
372329506,0
953001638,1
839191626,1
262053577,0
421760047,1
242396343,1
183716276,1
773154048,0
396695367,1
270404942,0
857122213,1
987771563,1
342940792,0
124546563,1
626833255,1
845546529,0
260918765,0
967455314,0
902099041,0
886626584,0
987995593,0
125017892,1
643133380,1
863808089,1
512466674,1
399537353,1
868499617,1
620862363,0
670772290,0
960613968,0
596970130,0
542066515,0
559160627,0
929499936,1
340124960,0
777465202,0
980916890,0
563725609,0
556601282,1
831356899,0
350654198,1
205390015,0
802996261,1
778294039,0
456103491,1
975211348,0
540723316,1
734141005,0
741900971,1
901299730,0
402108654,0
367422980,1
619566523,0
802491016,0
567362557,0
254065831,1
507985466,1
457663306,1
698769509,0
553699164,0
922587919,0
758392247,0
328895932,0
874367988,1
884873480,0
144601252,0
121351763,1
494200820,0
120437557,1
820873495,0
696482155,0
439750632,0
500718412,1
292715886,1
284218911,0
323318521,1
708879997,0
232298723,0
385241296,0
297282909,0
874796825,1
686972196,1
905453845,0
801258511,1
948694870,1
354209317,0
147347990,1
896993128,1
670220281,1
416551037,0
233884057,1
264826835,1
527975669,1
271583044,0
830130866,0
490167744,0
628289247,1
865438298,1
704622949,0
130722483,1
662023932,1
338271154,1
486828674,1
411874237,0
290720044,1
484801778,0
758314488,0
357305524,0
870857003,1
630141366,0
157784424,1
282671858,0
702110705,0
518917018,0
160118456,0
457414081,1
201347675,0
965301241,0
424335068,0
385066899,0
266424495,0
870611752,0
393425526,1
524234031,1
418587135,0
442695319,1
678584507,1
671215695,0
791428630,1
525050090,1
292583344,0
310962453,1
457113867,0
609566038,0
548174313,0
470496818,0
819489146,0
261415750,0
475109832,0
142994880,0
974598553,1
369347702,0
886914436,0
769531905,0
657524948,0
706417673,0
789624848,1
851082508,0
401421251,0
501093628,1
242248829,0
645581189,1
505311419,0
973932601,0
639611757,0
870329645,1
313401343,0
217818599,0
364919842,1
460833610,1
313994462,1
577619648,0
195968065,0
214719734,0
537027205,1
145940453,0
520912349,0
194732073,1
925610943,1
774336897,1
108862626,1
565179959,0
979172009,1
804145892,1
730784079,0
505221572,0
686673861,0
643279027,0
516256506,0
855205152,0
394413459,0
486004978,0
542933296,0
334611711,0
556303955,1
848900815,1
912014308,0
114248794,0
406495433,0
213562117,1
973702559,1
386333454,1
686375549,1
504962533,0
550673572,0
496322572,0
336200547,0
481723055,0
545017853,0
750371730,0
639641660,1
261793277,1
172701381,0
161619884,0
555932364,1
717202310,0
373430035,1
625171205,0
480114338,0
880258568,1
974996561,1
560293092,1
407272952,1
842291890,1
642552038,0
147544349,0
741658915,0
617776422,1
674548704,1
476449984,1
781658754,0
787553382,1
874487512,0
689428299,1
715438150,0
248955684,0
324613429,0
774480239,0
658183405,1
289618032,1
110310284,1
944444344,0
110112192,0
788328561,0
178520849,0
861724851,0
649824249,1
933408229,1
358002882,0
841442894,0
230488481,0
350276612,1
424500334,1
344213326,0
594003934,1
653461356,1
501519971,0
937152872,0
905380711,0
579470598,1
491831133,0
883501172,0
747457760,0
767689374,0
883830372,0
973668002,1
439479502,0
423678602,0
326603203,0
939718165,0
362371613,0
248533606,0
924941084,0
912385015,1
537786508,0
644891452,0
892737473,0
326930142,0
406406905,0
721928275,1
416563859,0
500185119,0
684823313,1
731296480,0
508607377,1
964492626,1
237168582,1
215949881,0
768886250,0
159793926,1
680768067,0
404539717,0
574117313,0
554073749,0
856062311,0
568848067,0
344031916,0
205154415,1
871583050,0
341628782,1
705121027,0
249662517,0
589885949,0
681752387,1
734965094,0
188755163,0
961474742,1
657490101,1
591711601,0
720402102,0
177562715,0
632586434,0
699670883,0
198764223,1
186967693,0
169371899,0
492724285,1
103289601,1
294914879,0
466332484,1
253538834,1
641058633,0
270924422,0
519519952,0
633053304,0
295439137,0
879830395,1
437077184,0
648829481,0
879761262,0
536612094,1
179266292,0
712547866,1
866922627,1
727901017,1
579851370,0
929022284,0
639754345,0
528372703,0
570101741,0
723156130,0
951757394,0
791537777,1
207324028,0
293983423,1
959867397,1
220287953,1
181380334,1
835038068,1
394021918,1
624458053,0
889584081,0
509559074,0
140721594,1
621235216,1
964053749,1
845143829,0
746517380,1
250029569,1
277379939,0
630036436,1
494425500,0
303075866,1
619126563,0
795416578,0
266627901,0
386731062,0
212699769,0
958726359,0
589699977,0
678537073,0
601620715,0
544527575,1
457430416,0
840938761,0
973251508,1
918645292,0
822406418,0
330060663,0
986502532,0
872906954,0
327564670,0
798924998,1
792187278,1
224404544,0
550574749,1
933609952,1
590299153,0
213033569,0
590423023,1
889748419,0
299169800,0
618160297,0
757037832,1
530442817,1
558986114,0
374010740,0
808914606,0
659194192,0
959090933,0
485465741,1
103905503,1
420780396,1
518582553,1
174884969,1
179605583,0
673040386,1
943829655,1
912731461,1
743168720,1
575428256,0
824926771,1
304307376,1
462110529,0
928404150,1
663762412,0
741238848,0
933766924,0
477453168,1
888563495,0
610143530,0
908081238,1
499469836,1
695422119,0
864984131,1
483869811,0
851806914,0
223521112,1
951992226,0
513423738,1
742981785,0
481759482,1
973162781,0
941762303,1
571536187,0
523553346,0
661437139,1
651921944,0
875961239,0
144085698,0
499838444,0
902705481,0
109786802,0
910435012,0
347325848,1
182907952,0
248299941,0
206285138,0
682495684,1
933631360,1
851839495,1
912367513,0
750587701,1
401711298,0
519371321,0
172068439,0
266797059,0
143866069,1
729750071,1
141668823,0
569788624,1
944192800,0
990446357,0
216939516,0
721031464,0
739334661,1
994848684,1
650466676,1
384540932,1
831415505,0
892960203,0
801681141,0
899559172,0
829700793,0
987119541,0
979819110,0
872596441,1
502814583,0
416633483,0
454339989,0
516446545,0
284019262,1
457758869,0
576727996,0
400356529,0
534469331,0
719195858,0
182458829,0
987887569,0
804115215,0
654865092,0
270870645,0
669288010,0
105409144,0
132778068,1
109272386,0
691786078,0
150331233,0
387696063,1
291159583,0
514587447,0
548185052,0
480340246,0
569637273,1
600017725,0
842745514,0
376602863,0
178579335,0
885885661,0
997880017,1
476257026,0
229960760,0
869920348,0
424377170,0
846398826,0
842709799,1
894001153,0
334947748,1
842832571,1
603556587,1
278514663,0
767863993,0
951536865,0
105921953,0
741962927,0
319002718,1
614492142,0
709223827,0
868589575,0
975831389,0
255938095,1
454137482,1
471653650,0
124310828,0
829514544,0
519910428,1
102338075,1
476142590,0
249269795,1
143906860,0
216095084,0
101001893,0
470420586,0
564062245,0
731473067,1
908293019,1
825380005,0
622215789,0
833244099,0
551769925,0
949836652,0
404861834,0
734649038,0
554001560,0
147292259,0
504832964,0
926807424,1
819426505,0
267156890,0
967240427,1
919200711,0
203378111,0
810896040,1
469373208,1
237320444,1
472562110,0
260058483,1
283200004,1
383493362,1
433639933,0
745669377,1
972493870,0
797763795,0
291472603,1
595173432,0
960525284,1
419165874,1
744522232,0
188251091,0
298867118,1
538194477,0
408452554,1
293925503,0
646609123,0
806551694,1
181596371,1
243611448,0
158042895,1
842379560,1
206328881,0
897713260,0
231802688,1
122627505,1
335792443,0
646802599,0
549384740,1
730267251,1
923683477,0
358052517,1
759179715,1
201856744,1
576568449,1
705027568,0
626605638,0
191885290,0
451214002,0
761840687,0
482996046,1
637392548,0
608964204,0
961995331,0
225590273,0
790896194,1
819203263,1
636720346,0
904736428,0
373610753,0
698789007,1
775773842,0
326903079,0
836345237,0
554670558,0
604144136,0
107362852,0
893856850,0
189818685,0
788515684,0
371105817,1
910851676,1
341833378,1
126217273,1
456866578,1
784359221,1
517018474,0
426759128,0
246975888,1
277899221,1
657554296,0
630209122,0
632326854,0
578341323,0
305641645,1
519677698,1
679597230,0
545839257,0
684722829,1
515318865,1
414318638,0
112220793,0
779238495,0
966634193,1
630453905,1
689214366,0
232567575,1
940106110,1
940384288,0
834769846,1
603824791,0
468989377,1
245602048,0
672573017,0
600177102,0
710402478,0
883525070,0
716142962,0
901939266,0
671381494,1
431321447,1
700011290,1
405381461,0
744823184,0
550999966,1
338068644,0
938247230,1
478948243,1
422358931,0
878204334,0
466292306,0
334373612,1
778676136,0
570804489,1
308271192,1
606331498,0
776532116,1
877621536,0
578747016,1
362713028,1
907978573,1
833007972,1
873377364,0
191859339,0
653692848,0
612641443,0
412093044,0
703280257,1
174445318,0
253645564,0
745684898,0
412920611,1
411902688,0
606295500,0
822106119,0
272989695,0
480878496,0
138779738,0
834159779,0
763779581,0
201224244,1
870850800,0
568797577,0
981518431,1
182080586,0
708562384,0
567395079,0
303193762,0
845647720,1
695809288,0
678738170,0
154165773,1
642772867,0
357941490,0
438362774,1
139666455,1
605171925,0
991309532,1
399811697,1
696126075,1
116472881,0
405446209,1
531704632,0
614913377,0
870414675,1
831471171,1
857638668,0
848970363,0
771075964,0
527012492,1
203963494,0
686342982,0
832725217,1
253506112,0
925126211,1
982008124,0
131047487,1
714063254,0
657772414,0
560634055,0
826022935,0
667764364,0
505454092,0
887730472,0
257861822,0
856987533,0
485440034,1
250515122,0
290459777,0
513410549,0
805749717,1
600724497,1
883140074,0
886533488,0
300000318,0
905318200,0
264791948,1
284251687,0
545461079,0
995335315,0
862977276,0
942808041,0
482835155,1
394461266,0
600156769,0
902756015,0
875578456,1
848890974,0
547789669,0
947266188,1
629144930,0
455226121,0
716883834,0
969061817,0
977601536,1
748392860,0
247493882,0
532797649,0
185636473,1
298258272,0
731686220,0
230041128,1
172965757,0
511470398,0
574361267,0
910858928,0
198275337,0
735364136,0
566458727,1
259210222,1
367385324,0
868031470,0
619747379,0
540983285,0
958931248,0
490144626,1
901601575,1
489232137,0
545167652,1
177702591,0
854684769,0
614987362,1
833728103,0
605576231,1
206635629,0
421889570,1
743398483,0
962743609,1
206204038,0
859355959,0
220190235,1
268282992,1
479819155,1
672253790,0
682590550,1
741633645,1
641426931,1
387106576,0
657490649,1
627294744,1
779695671,0
110560137,0
187699168,1
370644383,1
487988004,0
354781087,0
903239395,0
393449695,0
315592315,1
700508527,0
187076467,0
980863804,0
709860634,0
419622491,0
543647948,0
404589407,0
426489750,0
164050420,0
564158690,0
980938956,1
971272645,1
692571507,1
663539058,1
268349688,0
468853840,1
413047825,0
891679122,1
306073352,1
137699759,0
188057090,1
339156828,1
512231079,0
645771308,1
139503555,0
336077247,0
641716770,1
541594758,1
256406406,0
218412217,0
389596723,0
949523566,1
264691389,1
787498408,1
907814776,0
813650826,1
102278078,0
241836852,0
558903401,1
924784480,1
370677748,1
944471136,1
782113465,0
832559424,1
150014417,1
754004744,1
191040600,0
642118655,0
344753757,0
296762232,1
881162455,1
994966041,0
566285995,1
488342141,0
946755048,1
836802654,0
225746125,0
500858024,1
850171612,0
519233792,0
608714826,0
543458159,1
657028722,0
921181857,0
597422027,1
152014469,1
980194051,1
757403728,0
695225936,1
540620257,1
855088995,0
440529029,0
192960156,0
827834075,0
774744528,0
482082681,0
544866523,0
842618503,1
216824206,0
357546190,0
477901376,1
799301933,1
534825176,1
503333716,1
100163918,1
241890495,1
905658054,1
624556309,1
490988897,1
630498073,1
811882870,0
473799560,0
879530172,0
645016617,0
725564495,0
159299337,0
575807006,0
767664964,0
484919059,0
595052510,0
522576445,1
345592940,0
419949719,1
290010404,0
687045046,1
930876896,1
315171858,1
281161994,0
363699335,0
921181286,1
580810940,0
651991832,1
856459881,1
123642347,0
598609579,1
720951748,0
715812599,1
380846088,0
311120794,1
287956338,0
899970987,1
655902819,0
210617962,1
778175562,1
611071349,0
343264532,1
319509333,0
967004581,1
380287315,0
673760533,0
508288511,0
959294603,0
160958538,0
932197264,1
573647674,1
932682727,0
799755921,0
232863783,1
506335918,0
803783875,0
474113749,0
598005818,0
621311928,1
631263565,0
342548953,0
939104862,0
921994244,0
420547646,1
478271432,0
975549579,0
915642368,0
751355505,1
850821952,0
577280561,1
279031281,0
157669719,1
928253890,0
904534844,1
881695882,0
285642543,1
612160517,0
685157508,1
541171295,0
177454449,1
295671640,0
814263139,0
907746281,0
333973686,0
780408146,0
632526813,1
616612409,0
809692724,0
257267474,1
343970626,1
732136895,0
244113042,0
115692148,1
816093986,0
418354849,1
633376622,1
382760808,1
656691531,0
293052382,1
733550774,0
254692893,0
228066936,0
340370017,0
841915527,1
547075448,0
541512606,0
183805334,0
729256743,1
680591884,0
159435247,0
606191625,1
874357307,1
728260841,0
432410427,0
468514848,1
770699365,0
185638248,1
696762755,1
595911306,1
361104604,0
718375546,0
785658832,1
489850655,0
304228025,0
143865926,0
648035842,1
389305213,1
984522336,1
361327316,0
737909931,0
609253251,1
218376772,0
898060173,1
902589941,0
391629429,1
383562950,0
750796550,1
381084594,0
471508367,1
709532536,0
173267098,0
389442678,0
787062251,1
976232156,0
224873950,1
923747861,1
148409184,0
403256445,0
145553654,0
137048046,0
482559049,1
508027376,0
760846204,0
500318854,0
939896532,0
709335368,1
892163771,1
682621252,1
799873486,0
268760084,1
875702013,1
109430399,1
487762281,0
290617443,1
910204730,0
465511914,0
290385617,0
870551293,1
754974483,1
727755608,1
748394255,1
673905352,0
947736031,1
677472444,1
537761306,0
191350099,1
783667750,1
941655298,0
730477708,1
976725548,1
668290303,0
887926712,1
115714224,0
263607116,1
612584423,1
238638932,0
936897656,1
215368626,0
973234478,0
357047657,0
878490180,0
245708502,1
565310451,0
316839726,1
104711313,1
600682623,0
911896431,0
209057928,0
856526232,1
851891777,0
183749233,0
521110048,0
421990986,1
792590211,0
992734029,0
642177064,0
378648460,0
586511168,0
795959203,1
269333474,1
910369503,0
691282647,0
479202580,1
360552633,0
926062754,0
697571952,0
562406434,0
687694766,1
505389706,0
614895396,1
112234118,0
877061651,0
747025724,1
415998361,1
459420012,0
975280302,1
526599114,0
948604246,1
363658980,0
578458345,1
978563903,0
316038578,0
969809328,0
586324453,1
413707723,0
706961611,0
735024092,0
580654216,0
148571778,0
517725219,0
881139348,0
759862774,0
870060341,1
574662563,1
207188422,0
186395147,0
751354919,1
460277956,0
501235152,0
310595903,0
985179487,0
292238228,0
711845818,0
934662638,1
744500765,0
252873287,0
450487470,0
975317818,0
948100388,0
692201375,1
103840054,0
760328660,0
902394678,0
830155346,0
301150082,1
654838791,1
817573479,1
460183815,0
515230415,0
452120419,0
539439048,0
737496018,0
396751479,1
698270024,1
986259045,0
689020140,0
784437238,0
811412129,0
752480905,1
645212712,1
329973120,0
674647494,0
124615731,0
663688217,1
590916985,1
788315893,1
980833660,0
865136834,1
635377470,0
860250602,1
569104121,0
233868214,0
318238317,1
603947317,0
151112140,0
207752648,1
208187532,0
734459965,0
106884166,0
133378614,0
921472523,0
983046485,0
927012015,1
290985088,1
827024044,0
532521279,0
357510018,0
136609743,0
319712622,1
933027986,1
457546588,0
684933649,1
976514983,1
537483406,1
248285051,0
322822350,0
684655621,0
755418671,0
961692837,0
127280760,0
246601964,0
108795020,0
658465867,1
890354541,0
509583772,0
899947814,0
443929189,1
698121832,0
419867025,0
230072100,1
114311066,0
880095467,1
861721032,0
748334300,0
255799856,0
188171715,0
274177573,0
457646692,1
494071606,0
167386060,1
813738021,1
278117257,0
304901921,0
604309230,1
973940109,0
994651811,0
946443142,1
168131879,0
832635413,1
449998739,0
455374041,0
855016867,1
521630657,0
477806660,0
169047056,1
830123546,0
835773006,0
855138038,0
161131370,0
913390303,0
712978167,0
256284820,1
897323049,0
813034849,0
123695896,0
818006071,1
134714185,0
623634763,0
739091678,1
670032881,1
613176207,0
392455508,0
585890308,1
534016742,0
633715264,1
488204613,0
255870759,0
996640333,0
429614677,1
475829015,0
630911396,1
823796328,0
940149442,0
636821025,1
706687184,0
623873557,0
532206464,1
412930949,1
448301976,0
566407352,1
674227491,1
479848211,0
641989639,0
466696006,0
843007835,0
828313260,1
475694767,0
480368518,1
224121709,1
912408305,1
710616666,0
475979786,0
701744443,1
563541510,0
628900331,0
396811868,0
726749882,0
259713522,1
373356285,1
637297520,0
287860320,0
281987230,1
212161159,1
303739318,0
516021538,0
158008316,0
578743143,0
579561400,0
825906164,0
931437964,0
887111708,0
218466041,0
147827150,1
649479148,1
695370676,1
490598616,0
153250561,1
841719934,0
288342991,0
361926288,0
938685733,0
434334985,1
597497277,0
285588398,1
101242226,0
270334937,0
543314320,1
147993693,0
920423856,1
839037269,0
896201689,1
895542323,0
373937913,0
157082770,0
162860775,0
693096369,0
127049164,1
789869997,0
675106313,1
170291511,1
386139077,1
301422251,0
530009373,0
137263639,0
823492983,0
890020277,0
623007264,0
778710105,0
793354975,0
529216942,0
559747429,0
319693556,0
681712969,0
577873529,0
470493569,0
493303426,0
621986759,1
141010318,0
354687521,0
780835466,0
837145807,1
136460801,0
186439029,0
830815775,0
665699516,1
440055222,0
689865072,1
233059987,1
571401040,0
443493600,0
399303654,1
871052706,0
300695206,1
903062154,0
165409055,0
544038952,0
350429096,0
136753681,0
763666873,0
376084786,0
500609551,0
882098509,1
677687065,0
852072377,0
969838643,0
985180815,0
576291360,1
942068704,0
248120713,1
196298075,0
994920339,0
340162834,1
183618359,0
818036533,1
121485645,0
401522322,0
329040995,0
234543580,0
608397867,1
357169007,1
901926728,1
227857275,1
973312305,1
129294716,1
628879491,1
792042237,1
580879200,0
382325401,0
980524015,0
771983147,0
332618959,1
224258338,0
238653574,0
688098540,1
167699983,1
546727745,0
539113602,1
568158774,0
753708696,1
237631432,1
638177554,1
794942298,1
413907414,0
355613310,0
330140237,0
809855855,1
118902157,1
846238020,0
198378077,1
663301452,1
475419402,0
201977449,1
561903481,0
480914922,0
467265491,0
555208873,0
280198780,0
100699530,1
913186132,1
517158400,0
319693615,1
802281702,0
157895946,0
351487066,0
665964266,0
643453001,0
860679657,0
186341425,0
415673918,1
588359610,0
911853771,0
523369413,1
574232389,0
980015068,0
652988109,1
553124472,1
465081367,0
785814959,0
539243630,0
734966559,0
473132621,0
648858708,0
261413692,0
649647463,0
362162347,0
841698441,1
323075197,0
465471089,0
542674760,0
809180213,0
250876576,1
499726147,0
896740358,0
882483878,0
985230397,0
596505279,0
514895214,1
192468075,0
904310663,0
884346651,1
829258371,1
421113116,1
547716827,0
627211986,0
986150775,1
102972732,0
913056342,0
263916534,0
402201228,0
947882827,0
947890549,0
308186318,0
200786332,1
821433293,0
620686049,0
945490400,1
132011577,0
277581765,0
822908935,1
651663152,1
930355321,0
812924049,0
339800330,0
644759109,1
836572398,1
203166202,1
386050135,1
865159966,0
569203166,0
885396428,1
844008024,0
878985025,0
652524551,1
389497405,1
319513034,0
817572837,0
511223382,0
402047146,0
249659014,1
453203144,0
220364766,0
821681158,0
916870662,0
773189774,1
856922449,0
327780677,0
332799151,0
714195085,0
801277494,1
844562553,0
301963758,0
635021164,0
959883374,1
346991720,1
684498477,0
202304258,1
299831615,0
694921784,1
295888685,1
638966674,0
668882096,0
469342734,0
937439031,1
153258123,0
277536916,1
401198216,1
158822031,0
272363194,0
808709988,0
353597467,0
320495360,1
748443074,0
574923819,1
191112811,0
726837938,0
948036930,1
417456199,0
661190866,0
516450988,1
369504824,1
147115907,1
417657657,0
949895550,0
507159521,1
748353684,0
661729650,1
665976485,0
684518201,0
503898071,0
428929746,1
851922710,0
454508775,0
360169350,1
137544746,1
530556218,0
257966056,0
175466292,0
478843537,0
967668593,0
230270827,0
651915077,1
419832260,1
120271167,0
183777234,1
323888855,0
337262187,1
709487283,0
668447872,0
867846999,0
203561366,0
334131463,0
784184251,1
884431019,0
418637059,1
667127584,0
369471373,0
913235531,1
701810142,0
335101502,1
937300453,0
656365157,0
795805581,0
718020494,1
474627539,1
959663235,1
366347783,1
550421206,0
105971908,0
339966073,1
154362697,0
737487443,1
548570270,0
722119245,0
193699667,1
282816250,1
172030499,1
256087099,0
304210934,0
431511799,0
271305953,0
299766879,0
352134769,1
818750068,1
122257601,0
762344035,1
454873470,0
797852665,0
426608797,1
792769371,1
968829172,0
190973755,0
962202705,0
952651858,1
523515007,1
676357670,1
407337976,0
418846714,1
547982795,1
506005781,0
760230938,0
736771683,1
266706417,0
960783541,0
929231792,1
107103516,0
991347339,0
655163821,0
631882091,0
656071851,0
487347363,0
589953534,0
231808219,1
119035215,0
949520899,0
923617463,0
770263263,1
911330830,0
406275668,1
527945578,1
130135177,0
572040905,0
586936078,0
550074758,1
811758780,0
587964062,0
926855535,1
229619510,0
894934537,1
615404745,1
707930213,1
196175917,0
436480664,0
165603108,0
713045724,1
770264901,1
959456744,0
546510365,0
990914685,0
360354021,1
154314034,0
175170698,0
191232541,0
504266241,1
689365679,0
771793411,0
441891725,1
750073248,0
920412942,1
134641061,1
343131302,1
750589300,1
680118822,0
341361526,0
130129776,1
448999460,0
448102037,1
729302754,0
307511760,1
468483454,0
313523500,1
126928831,0
410141643,0
197733162,0
336543925,1
996850660,1
372856772,1
197044492,0
691812955,1
520892606,1
218479308,0
874638749,0
831283307,0
942983829,0
572275942,0
797257507,0
723070480,0
875931245,1
864550836,0
159136215,1
891158671,1
844711717,0
863405374,1
981275566,0
700932137,1
820908580,0
993288599,1
805606299,0
850940900,1
883888515,0
798266285,1
174728443,0
830757669,1
336714437,0
490106961,1
303809059,0
625375417,1
142828858,1
168349178,0
541194417,0
736682317,1
815378275,1
645093032,1
971685947,0
855018845,1
840653818,0
652004930,0
827359718,1
874953637,1
514904539,0
870045670,0
292054661,0
930031731,1
322967783,0
538404498,0
165709022,1
143063826,1
637703554,0
872850886,0
309598017,1
939574791,0
220593765,0
108863002,1
182338677,1
499560342,0
589159804,0
851289779,1
858088267,0
329982576,0
104160485,1
816624939,0
264026084,1
875653765,1
289537876,0
291695450,0
767845298,0
557527644,0
844812444,1
453568129,0
386808110,0
333005618,1
327545926,0
970017174,1
661162411,1
427473748,0
342194962,0
217503007,1
462546496,0
662710947,0
913104537,1
406004051,1
806680867,1
139566859,0
941298002,1
828001210,0
227480362,0
741853983,0
969943574,1
655097537,0
259934530,1
987910596,1
785788259,0
376644294,0
472274556,1
510697905,1
856895582,0
700803573,0
904796758,0
591015253,0
615098619,0
270891753,0
166411397,1
632945287,0
452186519,1
359844886,1
636649336,1
563397453,0
647730122,1
323561034,0
827695849,0
832980327,0
225598761,0
245878218,1
866085931,0
222656307,0
968799615,0
809940959,0
794050344,1
100955448,1
365044787,1
717667717,0
356057192,0
898277575,0
634175935,0
472593988,0
143605825,0
324119599,0
467690340,1
444988966,1
614368047,1
616404950,0
846665476,1
174601678,0
349281627,1
998489687,1
367522476,0
658079502,0
268567519,0
927134957,0
644963728,0
134907634,0
796066518,0
334257105,1
709639496,0
986575395,1
984904973,1
933671156,0
198674844,1
698852579,1
674199790,1
314657618,1
213379533,0
642128914,1
779570320,0
738339183,0
959698607,1
866854175,0
909982380,0
900943877,0
128900039,1
658998513,1
450830419,1
481867912,1
741030404,0
610746499,0
863532172,1
805747395,1
644238785,0
901344534,1
934111196,0
269224160,0
108355378,0
589394488,0
319893679,1
413374555,0
913055461,1
773946564,1
443487891,0
872260394,0
870942576,0
154349602,1
415119660,1
149135717,1
455840070,1
447119932,1
601170750,1
735484228,0
352953629,1
208151369,1
139201369,1
896190891,1
488208003,1
735215372,0
834775521,1
743972701,0
840097654,0
907133674,1
244353223,1
904174441,0
117134858,0
197962093,1
761809329,1
148300681,0
720122612,0
697286023,0
189582124,1
140963116,1
538273425,0
445248736,1
530711861,1
220336491,1
191796484,0
644802717,0
332890386,0
215779603,1
861313567,0
556282361,1
409376105,1
464911248,0
934664702,1
961070172,1
127367596,1
949804854,0
475472942,0
246088232,1
612803870,0
293536648,0
101072413,1
364357044,0
345068394,1
891412151,1
991281622,0
458991139,1
112484739,1
168035391,0
111561322,1
139282608,0
342777497,0
874223513,0
711615052,1
859520805,0
789346575,0
572383542,0
444140812,1
849177421,0
530186348,0
525988166,0
666180288,1
178992445,1
440976900,1
856063364,0
967737210,1
250340839,1
956790069,0
476043280,1
531522749,0
480717973,1
899586381,0
767596759,1
172642712,0
741116490,0
248126891,0
712085480,0
606809178,1
657967734,1
264359790,1
515641257,0
415127161,1
991659025,0
110299321,1
894788947,1
714657937,0
792645262,0
179689921,0
990890752,1
851183504,1
798447003,0
145113054,0
683095669,1
828141889,0
101899094,1
711533268,0
499827293,0
103041448,0
783994488,1
569780807,1
662417181,0
863343022,0
199933417,1
237469160,0
170398882,0
590307098,1
745829000,0
869460553,1
580607028,1
386826875,0
613426859,0
596584617,1
766626777,1
872565020,1
580645324,1
358321218,1
449928080,0
722993401,0
206025543,1
626094584,0
221555337,0
777935978,0
506124299,0
734742487,0
816576101,1
951686590,0
994978693,1
308116510,0
583014668,0
868502172,0
322513873,0
383236502,0
636193445,0
351285007,0
418791081,1
589779930,1
488643836,0
230238598,0
149600707,0
867302007,1
589255698,1
556438059,0
808504576,1
252421981,0
423787082,1
744104088,0
545249359,0
717626856,0
440268944,1
309289724,0
240762091,1
328665901,0
139247514,1
582412632,0
742648230,0
228919265,1
238291725,0
958458870,1
590542787,1
397928774,0
619383154,1
662437280,1
250371951,0
405879901,1
294782318,1
870045632,0
937001600,0
209474082,0
811728566,0
457338302,0
710827401,1
691979585,0
937887281,1
203542677,0
891080685,0
996238250,1
197874349,0
473406998,1
642841248,0
703636428,0
852160587,0
651082909,1
834543561,0
847129069,1
202468864,0
429595053,0
305393082,1
674091211,1
978132926,1
234718003,1
368013268,0
498417553,1
429044011,0
774164105,1
154263530,0
323718157,0
805712056,0
876754191,1
793294655,0
870365413,0
229330776,1
440883739,0
522372529,0
558608977,0
962603446,0
285296199,1
349503170,1
376859574,0
408810944,1
812770493,0
269582821,0
524836100,1
821857098,1
373351419,0
166685501,1
640371934,0
919941693,0
296906412,0
608977242,1
823561749,1
100227850,0
650100990,1
111393282,0
235161431,1
857390916,1
696198125,0
907925891,1
131155751,0
810926961,0
770730799,1
729484130,1
118581744,0
601541763,0
602915025,0
349862340,0
748720169,1
289271799,0
419378991,0
396852210,0
516759170,0
798387251,1
974099878,0
478482274,1
377509457,1
620100971,1
210328813,0
350403797,0
482469557,1
136686749,0
237064988,0
478320615,1
704350182,0
802317484,0
151155746,1
867917391,0
303963699,1
719853813,0
584528178,0
921905828,1
704789905,0
958239003,1
351995241,0
180974806,0
771246732,0
415364071,1
776484554,0
170635693,0
597090140,0
372717960,1
607488324,0
641536777,0
427954161,1
130913633,1
471597435,1
852319764,1
865286610,1
508788079,1
118328679,1
638378259,0
967560338,0
780059461,0
918910991,0
142539394,1
756745456,1
426439907,0
435664134,0
258760360,1
176797170,0
268748119,1
465918069,0
463423712,0
693832872,1
179249314,1
928287010,1
333408681,1
489261070,1
560998910,0
318833209,0
780217423,0
303895575,1
200325534,0
609917878,0
952564269,0
583554816,1
998749261,0
166316914,0
224056932,0
472867179,0
913654241,0
925709660,1
104590305,0
458767092,0
304287439,0
574467564,1
685086265,0
284506099,0
859608384,0
508254218,0
196295532,1
619842433,1
673904232,0
591544235,1
489303971,0
366457301,0
246568192,1
224587500,1
549614966,0
230473742,0
166709590,0
369965997,1
625757279,1
118222552,1
925637450,0
187087939,0
464136789,0
851679789,0
283919729,1
322113395,1
621606198,0
681765849,1
111202876,1
925790949,1
251150573,1
100926134,0
223076288,1
371898593,0
700682191,0
717783266,0
156598537,0
727169840,0
209814856,1
179104540,1
866529238,1
176455304,0
885365290,0
900221110,0
121517619,0
741446094,1
689409800,0
314987715,1
683696894,0
131967839,0
261029386,1
497928479,1
934709492,0
251127189,1
595555317,0
455539356,0
889593400,0
587354325,1
647785457,0
653092240,0
952738370,0
258840465,0
168877365,0
387842810,0
405073919,0
719467807,1
156880782,0
842808836,0
895072783,0
967838669,0
112206717,1
499979952,0
335484346,0
729041030,0
239305831,0
203892286,0
203058063,0
124552709,1
771817802,0
194361346,1
760625703,0
491833847,0
593762153,0
903103419,1
677439240,0
985973754,0
261461444,1
898315459,0
379155309,0
133449607,0
196033067,1
895181363,1
969325612,0
931411853,1
147078950,1
507214355,0
101160704,0
968912988,1
230487546,1
793745577,0
284370127,1
148716546,0
599931177,1
516625764,1
193170625,0
305682869,0
972179288,0
402944708,0
869858878,0
671615119,0
159985049,0
133097077,0
469677257,0
867469062,0
211745732,0
681086030,0
140935077,0
195171651,1
972364924,0
392766430,0
915771470,0
110167809,0
390602164,1
972284528,1
523033065,0
715517952,0
156304296,0
688872799,0
605217811,0
272205921,0
192342178,1
224915812,0
321844946,0
157510852,0
350204507,1
811569279,1
768573480,0
470446951,0
738136748,0
308671564,1
761679994,0
885193157,1
198711639,1
156331766,0
856899416,0
648579263,0
941706275,0
426209666,0
716615373,0
969674802,0
667502942,0
974043656,0
532277126,0
625808591,0
155286974,0
695137883,0
604849972,0
528230720,0
750947566,1
265660097,0
643880267,0
347165766,0
880821724,0
723564444,0
533858081,1
718330195,0
148009745,1
563154197,1
758800745,0
391155394,1
534420846,1
764164058,0
239273243,0
467374584,1
175465582,0
749102009,1
805649319,0
833046152,0
373190063,1
568219699,0
150873618,0
187154544,0
181412594,1
543150663,0
445665892,0
666644170,1
418196850,1
775747599,0
800824059,1
636377368,0
269635342,1
913355501,0
720045961,1
839950441,0
327264283,0
987078951,0
810006537,1
921180483,0
575856429,0
127544201,0
987240199,1
887615283,1
740643787,0
229836074,0
903097859,1
570873246,0
554519701,1
146530087,1
826935988,1
438136668,1
645695124,0
286376701,0
288178696,1
128433094,0
312316705,0
748925917,1
624289551,0
834942577,1
791689965,1
625467652,0
192460778,0
872732944,1
526162205,0
863149653,0
226615220,1
664545150,1
365613242,0
166819872,0
995341732,0
649395772,0
337429829,1
827134516,0
179430451,1
798160785,1
646824597,1
738768983,1
894804729,0
420370809,1
139935434,0
484634999,0
616336836,0
109592427,1
541730897,1
467290552,0
338196021,1
742349730,0
421758517,0
603270626,1
523880749,0
602024034,0
107005374,0
901438712,1
376251389,0
905421487,1
475640665,0
601806080,1
838466970,1
738039611,0
870420726,0
810001349,0
274937308,0
254718953,0
399112550,0
497643448,0
113274382,0
270509742,1
279934746,0
780632040,0
167262623,0
426959150,0
692566296,0
608251359,0
913417470,0
317934634,0
315470941,0
872675077,0
298129213,1
858978890,0
571684668,0
797109987,1
871982891,0
890130592,1
493167735,0
702632927,0
994182155,0
517593251,1
679839565,1
860687861,0
835050593,0
501845693,0
768631913,0
512796827,0
802913328,0
240877238,0
785276334,0
392893587,0
167596293,0
148006418,1
487378039,1
980174797,0
211564248,0
112973876,0
211255041,1
421672319,1
493653121,0
323792207,1
116323736,1
456912308,1
410428907,0
907109506,0
323574098,1
919170885,0
495139951,0
268825032,0
793475961,0
735056910,1
667165140,0
158781869,1
762371038,0
493210774,0
811523680,0
480063071,1
702973751,0
674287280,0
251940062,0
966536315,1
404805934,0
522300134,1
181810091,1
179954557,1
249674939,1
235630552,0
989888687,1
389249146,0
432130127,1
288310516,1
586265529,0
582312997,0
233844206,0
744731456,0
461000104,0
215156270,0
363560506,0
808890109,0
226014100,0
187386460,1
933229828,1
971575960,1
610458353,0
156412106,1
650344790,0
766986515,0
875473273,1
583031835,1
136442010,0
225031955,0
413351025,0
557638811,1
370357052,1
355080331,0
839001670,0
548150016,1
491490117,0
571980051,0
556969129,0
400805418,0
647727144,1
849739123,0
678259125,1
199793627,0
845443461,0
118967539,0
200202203,0
401801923,1
531855970,0
674829998,1
640097484,1
618337571,0
122889211,0
334269704,0
796793548,1
393419075,0
608031677,1
414532714,0
978593749,0
349734798,0
446566564,1
786103220,0
714971979,0
557815965,0
584690464,0
585512840,0
834165146,0
499717966,0
532724150,0
248267048,1
568887016,0
881110626,0
975629638,1
166977831,0
372446808,0
273651856,0
764211727,0
942250488,0
444690747,1
854179023,0
837441610,1
701003738,1
106626677,1
532907363,0
843808049,0
107426993,0
757731207,1
980032549,1
777916913,0
878594635,0
189912055,1
254670690,1
249877827,1
894726205,0
759177079,0
575503128,0
558419419,0
838226863,0
354422835,0
913277023,1
158640038,1
474578202,0
911202023,0
986662445,0
576884600,1
535955606,1
719818229,0
405945899,1
588103057,0
963498824,1
172817008,0
932921218,0
298159379,1
165068940,0
138685964,1
511080955,1
427327245,1
295313643,0
370538960,0
699435292,0
250830287,1
258730823,1
245638034,0
913188779,1
413705348,0
381067184,0
530513163,0
196968840,1
378159651,1
223539638,0
222786623,0
890072496,1
897835869,1
638893901,0
340374519,0
807090103,0
237292300,0
971596074,0
887652005,1
836245787,0
494730156,0
776653151,1
276892247,1
837792130,1
184984057,1
522273479,1
448678486,0
826840246,1
556630301,0
535775781,1
638697352,0
211615690,0
722508770,1
809860693,0
910064956,0
476172565,0
490791115,0
999925206,0
479907556,0
560135660,1
435139827,0
285334118,1
926330587,0
761818614,1
729327134,0
673734048,1
628394104,0
736451016,1
591709407,1
397165139,0
301147405,0
592696424,1
486872855,0
604639333,0
950592766,0
415437299,0
998889753,1
840511259,0
711572379,0
235266940,1
846836180,0
806354970,0
726265932,0
373349617,0
994232683,0
492775016,1
104534166,1
645494071,1
427104428,1
465060645,0
429603938,0
679668190,0
158011126,0
241984171,0
312501736,0
426350447,0
720518786,0
500205250,0
657221941,0
692150333,0
519714868,1
761309836,1
711001433,0
135817449,1
556471162,1
903416178,0
151412123,1
574421237,1
605289462,0
502227535,1
374722607,1
183439490,0
632168735,0
347045370,0
953105124,0
527369745,0
739511505,0
173456938,0
392070332,1
805337003,0
778434238,0
437172613,0
373948382,1
750630920,0
366914974,0
842277659,0
162516751,1
142960180,1
648812467,0
110622055,1
487147121,0
818084211,0
114032710,1
665686144,1
289000140,0
123463603,0
953260583,1
553011960,1
474410086,0
139000800,1
209356065,1
500551337,0
727823948,0
917935911,1
481343713,0
641557582,0
807842767,0
737894448,0
890262000,1
623645169,1
176489385,0
454470916,1
362130407,0
385060904,0
954469925,0
886025883,0
952123729,0
844044272,0
224212771,1
469821607,0
161008728,0
749125280,1
863031010,1
466179562,1
652011572,1
239130572,0
252608794,0
974818878,1
334749566,0
846706954,1
640452689,1
508733370,1
222764233,0
546511072,0
325681964,1
396985526,0
193426403,0
746322476,0
361036272,0
231401851,1
556082405,1
813879270,1
824182556,0
442029888,0
536367869,0
556997143,0
164984807,0
950525396,0
834373949,0
373469886,0
274520837,0
569385905,1
698016157,1
821893798,0
955833072,0
628487916,0
326200111,1
595444091,1
983695433,0
303392063,0
919167440,1
525740289,1
701386997,1
289335823,1
612206299,0
959595711,0
411418912,1
828943282,0
930615011,1
718449907,0
545729314,1
153909011,0
554156689,0
228465651,0
119531362,0
218762656,0
231961149,1
135128251,1
144717772,0
877527951,0
857798800,0
564578652,0
671978315,0
876391062,1
939053054,0
940648266,1
646041301,1
452537239,1
952083759,0
403603213,0
232014484,0
383880160,0
824194104,0
922176199,0
763628053,0
638483111,1
277148202,1
115118449,0
262004315,0
622490343,1
468239526,1
943087938,0
187471926,0
220158237,0
306080264,1
997834730,1
730691727,0
606147506,0
977720309,0
442486678,1
583864524,1
596574222,0
461648115,0
770473576,1
551759562,1
303206321,0
611389272,1
777906211,0
664978350,0
816731394,1
688966222,1
717664763,1
780410595,1
253136778,1
678689116,0
931211473,0
398961094,0
820546585,0
158845862,0
661164348,1
129270032,0
275147936,0
537471358,1
785902940,1
614178769,1
857787358,1
941456183,0
576045559,1
290697633,0
432261796,0
200594415,1
904991385,1
155311375,1
905479433,0
170802318,0
998342499,0
122443870,0
220109630,0
455674221,1
706619850,0
300455804,0
888643876,1
626311216,1
131704742,0
793129573,1
695193232,0
431136901,1
832723394,1
308246393,0
213236292,0
415977745,0
729157103,0
915553156,1
817520135,1
872487806,0
586181567,0
971766015,0
791221565,0
703785115,1
422746199,0
143140550,0
108654969,0
549334089,1
704945436,0
144164882,1
360229927,0
619406685,0
787244848,0
641488782,0
676595918,0
964905364,1
608013176,0
538115385,0
673209947,0
450147845,0
721772775,1
942380486,0
999515496,1
470279335,0
885851834,1
577619176,0
679637277,0
825121754,0
312786491,0
396243841,0
395328522,1
527500351,1
125616487,1
275486991,1
359302615,0
750896232,0
125982087,0
852116507,1
327304147,0
393687475,0
724569870,0
477649158,0
533127682,0
473254553,0
232592984,0
185564644,0
229776127,0
662202067,0
745803092,1
879541929,0
856201290,0
184638582,1
830050842,0
589645392,1
444314352,0
301713022,0
660118036,0
647867614,1
380500343,0
860560618,0
420935125,0
723332600,0
560549862,1
252909501,1
768247315,1
965090582,1
822831186,1
426760965,1
334890993,1
713626373,0
479569014,1
818208405,1
407032441,0
922912131,0
796052462,0
628775106,0
621260550,1
675942967,0
352342813,1
932375558,1
695433797,1
325530136,0
260146976,0
354749346,1
886089600,1
660310990,0
769753718,1
244701033,1
545889729,0
685165740,1
827295634,0
883217218,0
600217240,1
102023477,0
868005040,1
957927007,0
558174227,0
567387707,0
138613993,0
728897296,0
227943974,1
273119014,1
272487419,0
852630077,1
573536799,1
821948832,1
472369094,0
477316622,1
660411307,0
670341634,1
543539522,0
362309089,0
123936838,1
897741148,0
774648391,0
156558772,0
247450891,0
204287022,1
431870326,1
478348667,0
124950120,0
503345553,0
126585196,0
711236355,0
973021344,1
687923523,0
104913449,0
529839800,1
364684837,0
930002832,1
831169186,1
219553885,1
842024494,0
493631740,0
614304481,0
191838584,1
116529035,0
182188907,1
202291250,1
163797591,0
421898418,1
535426120,0
359558854,0
294598054,0
119414705,0
535074871,0
520040119,1
271273775,0
407549140,1
622569010,0
259125752,0
664657466,0
885577057,1
733848654,0
439903475,1
284850100,0
647043523,0
771323115,0
773484760,1
325270843,1
910402454,1
182381963,1
846248796,0
970399843,1
591524062,0
329855281,0
323129655,0
798913727,0
836441332,0
635348748,0
100906819,0
434142228,0
707247091,1
289456794,1
718456224,0
520797631,1
482042359,0
780135605,1
320878787,0
483245288,0
144250451,0
909206062,0
287223336,0
423239611,0
400972060,0
117299639,0
794741680,0
331618639,0
700539073,0
987175944,0
216537010,0
842314439,0
314849899,1
876183901,0
426098013,1
650865723,1
909777256,1
500135521,0
758529213,0
932493258,0
327586330,1
291029290,0
950864488,0
342253830,0
890738668,1
275608048,1
289920698,1
599219498,0
649091056,1
833768122,0
870820871,0
955173495,1
494662082,0
476787140,0
201402435,0
126196198,0
959349817,1
333271462,1
913526773,0
998684823,0
204852887,1
832003030,1
193254463,0
978239788,1
682998638,0
820769256,0
476940279,1
487267785,0
543914128,0
304354575,0
763139075,1
934322845,0
207684733,0
767852437,1
139146102,1
941129216,1
365721707,1
815174740,0
988190826,1
625683847,0
539628047,0
150764567,1
969156035,0
543704384,0
677387773,0
518940460,0
930841957,0
145279948,1
568078092,1
312704416,0
192716173,1
718363380,0
642706540,0
469016896,0
444739652,0
836696374,0
459494199,0
455892335,0
329930306,0
308235250,1
199192594,1
277845585,1
649005705,1
502250138,0
488865925,0
674078066,1
680861122,0
420244486,1
485628917,0
440431118,0
142031627,0
534817609,0
138814730,0
505596735,1
991036788,0
864180098,1
462258907,0
497770488,0
271071442,1
144753293,0
581592551,0
931684473,0
107012189,0
459220646,0
795538958,0
207256823,0
931186886,1
157458308,0
480216796,0
163767665,0
314638201,1
852344601,0
556418055,0
200376398,0
846955140,0
614700964,0
823622544,0
699051608,0
273225305,0
422562214,0
324956057,0
163188126,0
478620166,1
809974984,0
917749141,0
522018095,1
318299271,1
735086799,1
586938503,0
349781071,0
812670315,1
910289073,1
381906391,1
865054503,1
264083922,1
266080656,1
161921294,0
816504010,0
424898259,1
390358514,0
453481289,0
738551427,0
254877217,0
159600203,1
598433947,0
672580584,0
715859359,0
981677423,0
142893305,1
240095916,0
738649166,1
355489831,0
549260418,1
152594143,1
395208716,1
847460375,1
985218236,1
930172256,0
787816868,0
510826167,0
436688833,0
636232189,0
815296875,1
696962198,0
877438446,1
648892779,0
575891364,0
277644630,0
111974920,0
389758316,0
166142100,1
872336694,0
487350501,0
550109888,0
339523564,1
385914216,0
724820062,1
723257437,0
835143581,1
186577073,0
190026965,0
977843996,0
334213129,1
442175904,0
969443331,1
299726120,0
945019465,0
941136336,1
939097798,1
377551709,1
942007932,1
999181615,0
593594435,0
913796479,0
806165388,0
229785541,0
545829777,0
300650589,0
512546618,0
880457610,0
362459590,0
270868327,0
239698754,0
685865291,0
876187167,1
350222505,1
948192840,0
130260865,0
301986785,1
905207117,1
671700937,1
529536989,1
415278775,1
812885263,0
819331725,0
576117538,0
122492449,0
739348203,1
308260648,0
904964862,0
992652779,0
142484686,0
815962554,1
112271497,0
634947045,0
298963067,0
662288918,1
804469128,0
335027325,0
694920448,1
205449674,0
827345747,0
918648259,1
448530881,0
223295806,0
883612817,1
529673741,0
516214752,0
645206506,0
570079628,1
993551361,1
387336232,0
344417638,0
924154989,1
817868061,1
946222820,0
289071013,0
414001311,1
766782840,1
665896670,0
240170362,0
443165524,1
963773046,1
561004734,1
933040335,1
862450736,0
994780677,1
295615062,1
328695186,1
862279175,0
105634031,0
421904550,0
485257087,1
742804806,0
395301288,1
918461266,1
996219168,1
961495615,1
568197479,0
475366456,0
342047623,0
533782724,0
113299556,1
933328578,1
565297308,0
902446812,0
399523924,1
970976208,0
667950200,0
165409457,0
233740687,1
412828937,0
708547135,0
839092222,0
640465367,1
336753578,1
478176174,1
119754963,0
141303898,1
139216677,1
180035218,1
991157558,1
934453716,1
111330044,1
278084345,0
674601320,0
787979956,1
808899729,1
278865546,1
669111620,0
477539762,0
164354036,0
755060699,1
335950206,1
865427064,0
558164301,1
157955976,0
638592156,0
408817586,0
177630640,0
420107910,0
158816148,0
742888800,0
910982666,1
199076346,0
709128322,0
935666598,0
919054641,1
308000987,1
663909234,1
990426367,0
554937555,0
937103483,1
109658215,1
542879477,1
187559315,1
786883735,0
849316692,0
496110547,0
771639209,1
676186482,0
252888571,1
349824867,0
598612494,1
769930346,0
427233886,1
489786068,1
628715053,0
357526348,1
535648416,1
713392148,0
621436535,0
505479531,1
233416099,0
930995117,0
286852565,0
102979331,0
170394282,0
680870635,0
636916187,0
465984256,0
227162471,1
185310678,1
899232840,0
973870437,0
478061729,1
710751479,0
702590542,1
832990475,0
545042058,0
735499947,0
761736416,0
430271394,0
124524739,1
746833516,0
195021530,0
399064141,0
437973851,0
928484824,1
967426682,0
660142237,1
840999046,0
753227111,1
779138574,0
886072721,1
390171382,0
248988470,1
927125809,1
856004871,1
587934909,1
735985918,1
110185901,0
667034987,0
840952805,0
858872997,0
322436349,0
102645320,0
607909986,0
796659481,1
545154959,0
991018568,1
231925700,0
699703505,1
145305164,1
254160168,0
690017289,0
268159048,0
244892248,0
677625282,1
900655731,1
954691310,0
174103265,0
277443511,1
694409324,1
857766558,1
762396608,1
417326619,1
310677126,1
925623202,0
439226275,0
788783228,1
420638208,0
418798534,0
933024117,0
850714807,0
238184392,0
142774065,1
245982404,1
577389160,0
672811054,1
888551982,0
573514554,0
360423123,0
670453542,1
964312984,1
854066194,0
342978537,0
110812405,0
176498546,0
669024320,0
858041159,0
515404641,1
316020354,1
853723041,1
210539408,0
887722062,1
859216243,0
373824542,1
836372520,1
836554697,0
496730609,1
668808559,0
888474349,0
746483614,0
132418223,0
150447114,0
684831378,0
116807658,0
196845720,0
648226476,1
318941423,0
798909241,1
481018679,0
501836459,0
930067679,0
613697363,1
126640247,1
544173007,1
791864260,0
155686814,0
870139389,0
901367167,0
926120971,0
175323785,0
300930798,1
259124534,1
602154439,1
220950554,0
130922339,0
550958294,0
545486220,1
287604176,0
978607751,0
558520651,1
899083291,0
531239355,1
945202992,1
221777253,0
792503883,1
796901120,1
795363148,1
246016315,1
822483633,1
779153491,0
120742391,1
123200544,1
753037496,0
580861430,1
964452355,0
433085123,0
268487580,0
435597131,0
889914596,0
392301590,1
921193929,0
297901657,1
514722466,0
389305250,0
785954190,1
646459566,0
828693044,0
863324259,0
938497057,1
452212592,1
348446648,1
572427962,1
732962340,1
321418387,0
517138241,0
403699646,0
725077791,1
374659214,1
329913107,0
739655584,1
553075593,1
599053538,0
893798510,1
157961817,0
318689682,1
387493507,0
343442056,1
372487001,0
927444838,0
659262858,0
310090086,1
479829823,0
843609330,1
799243890,0
366978095,0
849856829,0
441864111,0
496942886,0
874705992,0
249685426,1
681780292,0
779813310,1
535170243,0
157338580,0
165734536,1
891870995,0
118969608,1
582421513,0
456107484,0
860407766,0
502188181,1
825447400,1
420551608,0
760717796,0
790829853,1
945291975,1
753126971,0
116187650,1
684516676,0
790104855,1
346533209,1
212709402,0
434579319,0
580438203,1
274096767,1
196061584,0
942503853,0
605412972,1
761478664,0
568551187,1
805332255,1
673329803,0
253820818,0
548678819,1
877038084,1
199422447,0
234672354,0
284946734,0
372012194,0
261942670,0
279231303,0
398412283,0
689532747,1
978158425,0
142955101,1
344821386,1
870881143,1
585752394,1
499838726,1
326353307,1
291690964,0
400691749,1
586451091,0
997057737,0
326254486,0
634610987,1
514679262,1
705962794,1
388547611,1
761432492,0
115632145,0
641698872,1
329070241,0
791371784,0
288499819,0
424962638,0
766288818,0
555002567,1
185556653,0
710512221,0
414113140,1
701035606,0
826367319,0
979288122,1
935477064,1
217479320,0
221381870,0
582281708,1
728268058,1
598789354,0
229082992,0
234504418,1
296569116,0
705652246,0
148822775,0
137968700,0
509435008,1
913265765,0
241699609,1
789992527,1
716119428,0
307951600,0
983253541,0
760631372,1
836353140,0
352151623,0
855913923,0
564944237,0
762602418,0
998531889,1
836506229,1
354088401,1
207449172,1
513261215,0
935348218,1
365407654,0
789188550,0
213311615,1
897748585,1
162967358,1
889236447,1
420840181,0
609085791,0
477832329,0
560796642,0
502342852,1
390286556,1
387223487,1
345016393,0
131999350,0
970146568,0
211934255,1
635196550,0
777741503,0
564076271,1
229901173,0
905328697,0
451012880,0
886985849,0
216947990,1
187994578,0
375570745,0
144550541,1
742703284,0
758600358,0
523204855,0
483433471,0
447105651,0
311101641,0
505470756,0
803338424,0
424375681,0
615363692,1
561603273,0
276515662,0
905319387,0
361556117,1
254206957,0
776249375,1
833999305,0
385328369,0
109842686,0
863423056,1
406394065,0
383177311,1
195077530,0
140532658,1
124043314,1
267602908,0
717547638,0
361954696,0
152829330,0
333919323,1
859216773,1
393639722,0
839253666,0
602444035,1
532731380,0
350104448,1
426507366,0
456559953,1
113622278,1
466756591,0
304130233,1
265345447,0
712371173,0
500991586,0
202363800,1
694586026,1
225917339,0
511831840,1
195476257,0
182959340,1
137293757,0
634938028,1
633366396,0
119672329,0
973188936,0
622510746,0
441853221,0
453536217,1
560885738,1
472177135,0
826882002,1
906706414,1
727659491,1
651374238,1
305443730,1
509823565,0
924889778,0
820617314,1
833461328,1
543031699,1
280111442,0
106388292,1
388618246,0
458858787,0
953300748,0
722361282,0
341733600,0
997655947,0
978113900,0
991342772,0
896126208,0
592250188,0
962632561,1
823222968,1
965156087,1
135923808,1
333693389,0
138927612,0
213785071,0
645142193,0
993661439,0
272111948,1
448205823,0
786907448,0
207249674,0
205734328,0
239533060,1
689357327,0
220007060,1
328798858,1
796137170,0
352171469,0
866055281,0
844269371,1
427686184,0
112789634,1
476714812,0
197278459,0
743871831,0
918294761,0
989458200,1
415882830,1
473272246,1
926112140,1
290746406,1
750787124,1
966962614,0
382086219,1
128979361,0
607929751,0
884939558,0
613428616,1
792957064,0
878185836,1
746279134,0
990831862,1
900523443,1
831007246,0
754479589,0
376991114,0
728845262,0
967249961,1
344937128,0
634264446,1
567750181,0
600810952,1
933949218,1
586149593,0
761780634,0
846312848,1
682955101,1
643378319,1
605738041,1
862584830,0
861745239,0
320952689,1
276583189,1
220612199,0
439474602,0
521049054,0
710489334,0
238329861,0
459032827,0
590693959,0
148553239,0
911600106,1
668776740,1
618223673,0
540782091,1
975083806,0
409282408,0
591037189,1
901651389,0
816514343,0
346542123,0
171299109,0
646639899,1
437157942,0
612375182,0
357748602,1
254473121,1
937283477,0
336106098,1
432449275,0
808281672,0
773074285,0
904035061,0
813061839,0
605834188,1
930575156,1
783524793,1
533354977,1
243641399,0
612749686,0
297449272,1
495874388,1
322826228,0
382730141,1
603511840,0
882992111,0
108034517,0
772805215,0
741352388,1
556621906,0
139730651,0
335277746,0
236219125,1
808807896,1
631789899,1
204874099,0
840340482,1
281016850,0
254633864,0
807183917,0
638655858,0
553445159,1
989539925,0
301078139,1
683599962,1
767665816,0
437804673,1
216781481,1
226157736,1
790115953,0
276030125,1
793304040,1
441107192,0
360821584,0
497805500,1
988147334,0
676199084,0
101475882,0
851179260,1
301561248,0
951562968,1
228331559,1
333513818,0
417420485,1
275442698,1
421097807,1
838991591,0
414831802,0
748914893,0
193298536,1
950697544,0
414088527,0
760149577,1
582790745,0
312882006,0
812016659,1
839561515,0
448691207,0
454801778,0
726008448,1
630468485,1
685704261,1
194113924,0
396525693,0
604423975,0
815253172,0
147196869,0
633315408,0
924101946,1
569409510,0
446575327,1
376341793,0
316871988,1
764826237,0
507404906,0
785332098,0
866329804,0
123860964,1
376047649,0
935644380,1
293917035,1
682761709,1
717038785,0
365616701,0
628186200,0
364758784,0
218344035,0
576371403,0
550490325,0
623449585,0
611593001,0
113937289,1
641542425,0
893511396,0
168484452,1
844701646,0
152451490,1
311944735,0
765078505,0
827008470,0
254019225,0
361044981,0
429870415,1
665372044,0
248489870,0
972910780,0
322510034,0
707712286,1
226281791,0
433335219,0
786377007,1
165634735,0
734155319,0
263789477,0
916765681,0
868037959,0
203233476,1
684390612,1
841976172,0
222163965,1
442416283,0
959567373,1
329613998,0
962077795,0
121781955,0
817938041,1
762122512,0
732725151,0
766571658,0
588694511,0
173589289,0
645959501,0
278431819,0
908824112,0
605281576,0
413412894,1
737380673,0
891630699,0
674799405,0
448859897,0
821940232,0
985219058,0
582422666,1
566042869,0
546008172,1
417447115,1
470130572,1
699899855,0
372440330,0
485024481,1
705796560,0
389865398,1
211389121,0
655551691,1
877428703,1
952452018,0
895908689,1
761527344,0
809147788,1
219406323,1
442003524,0
219959530,1
736773630,1
734999242,1
139205092,1
461966559,1
699154052,0
247873305,1
454216163,1
441611477,1
182102089,0
836205417,1
360499652,1
573138721,1
779640918,0
283587633,1
942556442,1
628591524,0
819100491,0
195209118,0
599826658,0
163377483,0
831092609,1
874907925,0
815518813,0
221540955,0
199520437,0
836135233,1
613847835,0
