id,current_clean_best_no_pca,pca_replace_tech_binaries_5,pca_replace_tech_binaries_10,pca_replace_tech_binaries_20,manual_plus_pca_5,manual_plus_pca_10
0,9504.374333280402,9748.437964931012,9791.634659990556,9611.977925915608,9535.773100579314,9546.572511204753
1,31640.33285515405,31767.47448800162,31694.153652852136,31612.38939480534,31981.071176265385,32073.762343938455
2,50686.51613261859,49409.492434909516,49152.313143591484,48616.7870369152,50692.7882448518,50961.44743196129
3,120317.96702442343,122234.67608651603,123650.160418595,116085.22475910514,119440.30305819916,119899.19897570396
4,27052.819793140123,27233.361448535372,26970.577608162635,26936.224976269823,27034.567981134715,26816.823151400895
5,122338.60113622286,124223.83392741789,123983.27521002309,126095.70106709548,121093.93575649211,120969.12739426862
6,46576.07543938607,46370.490342545076,47001.05797237072,45692.43342513013,46652.563748177745,46670.25010842951
7,67046.76109042113,71058.22068028209,70134.15062967596,67879.94065239179,66735.0655284734,66698.5581872066
8,17820.362481251595,18147.15191004219,17977.249027490885,17537.479626337194,17932.700344908822,17904.10918646769
9,45960.07568465165,45935.20581125777,46427.69195473077,46678.09005617791,45522.642661494545,45811.79865072689
10,16679.424612932322,15705.14827929394,15294.378772804048,15783.33313314424,16618.261275703095,16468.532393917678
11,44485.935258488455,43567.904644088936,44077.11034310961,44062.169086257745,44581.91193437728,44879.12065804836
12,8219.634038371785,8266.46989742489,8189.781993986921,7954.674875944883,8299.663438804211,8243.09105092195
13,51837.174891671675,52975.397358235066,51874.79199203279,51053.529770654786,51742.01646404054,51317.87025465015
14,80306.78549370181,87719.15149039656,86837.73901802264,84488.89217966673,79916.43435340047,79654.13745548853
15,96376.5881477561,97911.278504201,97576.25214733907,94472.52952184375,96074.61910517408,96036.64119714565
16,72460.0833964617,70908.27440363908,72090.55334073587,70858.23844124528,72412.31585277629,72874.57610306249
17,67384.20274996998,70614.77109385311,70656.42849779535,68030.35907795608,66747.16258168721,66919.45379993574
18,29013.538890445732,28618.279138641075,28542.32131396542,28386.17153896726,28627.380436529238,28849.992157587934
19,52986.586531808374,51153.052568936444,51054.5899867175,52447.49540804032,52905.12839389031,53029.62382636515
20,91083.47673654415,94425.23324582195,94275.97637281813,92605.61722395998,91018.22386135331,91206.94890362676
21,42484.77557825714,41439.870415511745,41819.74922753092,41966.25576346759,42394.26905916754,42500.66626843724
22,59765.00527591965,60412.34215744435,60966.55911597545,61441.27191994717,59681.06852154296,59815.85996389692
23,90626.98176434424,86308.32467702145,86958.45398416852,86404.32269049979,91403.2420115883,91869.5033600667
24,35443.31606590022,34608.74232781439,34153.95792282365,35384.67049458906,35477.81401683057,35141.78518162692
25,12878.220728692771,13249.578605646015,13012.778863629646,12813.152470612522,12836.336233627306,12704.51948598606
26,25924.719102557174,25716.06328401715,25872.825170748092,25391.010904494586,25798.588233948743,25815.516665549385
27,51687.89117318838,52660.190288588354,51543.25769732275,50718.90444446723,51800.280541271066,51405.22623530776
28,124512.28196291483,119836.23313875364,119066.37807821724,120825.86180002784,124966.4886135247,124475.82011880282
29,37415.311442098595,38282.26854162384,38930.88620064847,37327.144422589336,37622.40092433275,37844.118425452
30,45888.74267264418,44098.920144367454,44729.47028504315,44632.692369085555,45981.44975678678,46213.30519038612
31,52762.6123465978,54146.874279695,54853.065349706354,54702.57747044325,52715.13745310337,52906.31437848736
32,80212.37729868632,83903.524211186,83676.1047305567,81641.17461743113,80652.78047443731,80456.8143547308
33,54180.88124430968,50898.79156858577,51393.70715948655,52391.898489690466,53859.929574571404,54156.26734675821
34,24933.27441893169,24684.516474882275,24379.2046245658,24146.68044480642,24928.46445138251,24858.902075624308
35,67042.93648839762,66142.67872040502,67298.55122756737,67465.76231910478,66250.81760797928,66903.51437251769
36,23409.612628475053,22749.285864555783,23282.330348662686,23945.975026032436,23396.895417546297,23498.192276462727
37,20864.31313327832,20211.087654361152,20302.92716330169,21184.55122473929,20835.88601140868,20830.641795836345
38,69793.81707619001,71022.50671696044,70201.71628219009,70226.32655855287,69738.50201155493,69782.88886991935
39,26519.954535673904,27406.597510894197,27983.747439825136,27992.67588488062,26351.280100424712,26498.49737730611
40,38712.83165142728,40366.695672686605,40910.795463698036,39552.385420402534,38615.910254811824,38704.03400095541
41,65754.13048974438,64623.73127442136,66512.50875536901,66315.91512902692,65606.57835936015,66293.5031319092
42,86438.0440249025,81793.18350851248,82306.47993114046,83606.59200082766,86497.12869682467,86814.32368946297
43,30463.99404739472,32070.200693164632,31874.88919243686,31315.18119829096,30286.583840269992,30450.71817142642
44,17675.091088396344,17700.715122452042,17526.120997839982,17340.446628932044,17767.31484460629,17736.790691826878
45,82637.39642941218,84314.32286679045,85352.36734942607,84116.08185784682,83029.21282135384,83273.083817894
46,116427.76509652041,114963.65684676243,114282.9475077342,116288.50774734632,116282.34882111693,115629.79254009864
47,57779.300812647416,63121.29398730986,61213.91814076508,58424.59035413273,58052.55418917301,57470.82569877683
48,44563.67188503499,43991.679160586995,44332.05576246318,44225.53574554244,44510.26744631309,44590.591525022945
49,19065.450469605603,20636.34175444076,20225.7234536082,19730.00417526455,19071.9044679898,18945.017360317226
50,26240.000883280136,26147.533600857096,26624.625678122382,27379.47197344811,26067.14381585884,26331.98525587402
51,77502.30758926761,78248.24766432728,76464.03573315196,78524.23741569428,76559.9025111561,75907.41119964613
52,46676.40946421658,50042.207156766446,49656.722866584685,48322.32043245402,46756.22456476392,46643.412335825895
53,84338.30881731631,85393.55831444217,85358.66787465998,84905.76659259966,84113.61211973224,84266.90993437608
54,54231.56302585872,54384.29197328693,54085.16253791039,55348.55142755678,54609.450030617125,54484.70591833282
55,52520.0020567629,47036.35331431909,47540.123848532814,49012.79803926856,52616.835528681935,52631.18495546669
56,53594.28781913102,55118.94982327496,53886.861775238496,53164.33066993971,53594.61427123372,53617.349090861644
57,50721.4784232616,55876.31500743546,54847.55664570786,54283.39649990953,50513.94441987933,50418.22706590272
58,21597.577044263944,20806.272264865504,21164.900607856212,21203.084212004826,21633.182085806762,21810.59338867461
59,36101.666953586966,35816.283825777326,36532.19281732766,36493.71987309169,35845.1837386942,36127.78940640016
60,53751.276943696816,55459.47406949474,53775.539373911815,54553.86792014872,53610.10061238322,53252.253100234986
61,50436.94501788556,48808.15707256291,49056.81379733509,50091.15837619411,50420.00056211333,50365.387709435985
62,72939.03171932155,72408.46400540008,71614.0408411931,70945.7545170474,72914.18968405448,72904.54734987339
63,40911.02837602807,43956.73292128043,43622.5582009984,41876.57374783619,40470.58294305698,40325.2174953371
64,22036.479146660888,21788.534997445346,22020.235051587235,21809.65707447257,22158.146254758572,22284.817045162967
65,54220.884627739,57748.55103847649,57248.31481566545,57831.00888162526,53801.53940076615,53718.93701288879
66,29050.863179613712,29006.06345891532,28679.773418979414,28303.447621703046,29046.760737020893,28933.3484401508
67,9389.142183842983,9586.631123505833,9603.501503291192,9229.172280611636,9383.627657452851,9393.529563664059
68,15895.955307633725,15307.592350440535,15329.472011098913,15252.812668941599,15944.997495165488,15924.174371535284
69,14867.331004780213,13476.672873795555,13720.274699494767,13633.855558447543,15021.520784139491,15174.545501702763
70,53791.36445154618,53516.84483165859,53324.9276670029,53475.47705604584,53965.09272055387,53994.92481843549
71,86230.97424265089,88729.922029614,87949.97624010581,88746.496745215,86537.78290848008,86223.45837387521
72,54565.4711274813,52237.61708703988,51485.39566090505,50887.118881699804,54518.085303192405,54413.14900086632
73,120550.39732395414,121905.80760724659,123687.85027341738,121896.99219074682,120924.01242851409,120968.69073816319
74,90426.30488677148,90568.5675106926,90416.43832739274,90097.05196393516,91097.4082153318,90955.11267889087
75,59051.91859109324,59815.52616985923,58662.37025192255,58688.775519798044,59035.52575633591,58593.353180888524
76,98500.33550481914,94064.22550168385,95780.63280717807,100160.00254909585,98180.480516433,98139.19539347844
77,28965.22160330633,29548.600950392363,28789.18951019655,27729.072649410075,29409.08089875544,29101.835913641884
78,100954.24288836822,101367.62505545393,101913.8820063876,103461.78767631885,100968.8869771738,101597.84893289157
79,32264.536270273387,35156.53024570999,34743.648043890935,33903.856283996996,32019.091650852282,31874.42220161147
80,15002.114353498924,13838.347746540127,13894.64399443812,14130.349380248821,15137.68288088222,15103.563957111715
81,15823.743555583358,16051.522814848746,16341.767248878396,16000.888894649139,15811.690493519516,15930.598409935214
82,22122.665750710665,24537.992137197234,24289.53362545726,23642.49112084861,22117.035839332824,22103.724968451348
83,18780.34232877298,19516.592592822628,19513.561936509985,19280.027592823633,18717.94515489547,18844.139046797925
84,8505.29690074341,8731.47379798683,8716.115663717635,8836.019748471428,8490.059471672625,8497.302184882765
85,29187.73246577433,28541.889547794966,28731.380514956014,28142.87774677338,29524.268075121774,29683.696581516517
86,50163.99670064328,45670.514392945195,46016.208558194274,48916.922107202015,50772.41044308586,50881.41702309716
87,21171.44334171861,20612.101216063078,20501.511839191357,20534.41283538722,21166.464628184694,21145.269245210668
88,57758.04999165059,57184.54804489891,57266.572092435345,58200.451801710966,57606.844038927404,57730.36324687626
89,22533.195965920222,22239.185868952994,21636.949899582625,22290.65969744125,22699.6844417727,22580.950842467868
90,83993.19263535798,89177.60100227021,88533.76692058094,85664.44243028219,85186.12570475908,85027.14568268508
91,115797.0687794378,118385.1234410664,120189.54686571157,121312.58994052427,116175.95469071133,116528.7709071093
92,117397.35730607958,116049.100971848,113849.11875765819,112829.86000968577,117464.74719027882,116620.2521161614
93,53596.90662948573,52818.4752654907,52714.785599279494,54931.56886126306,53662.93786281748,53701.25065322361
94,104991.08670515881,98596.31680842786,99584.67781160971,102705.86618811724,104976.82668828753,104755.43529564506
95,55238.81492396458,52954.82158305352,52982.1351846664,54981.26232728317,55167.07941236529,55244.486721360074
96,18765.132832316845,19261.150809237286,19212.191512368106,18660.64817009465,18883.05440841144,18929.426605078064
97,24821.381827706642,23690.31749735924,24021.37396862403,24712.677896557423,24647.533617590314,24741.600609519395
98,120224.11749019304,116214.23757729756,116707.76623581845,120114.63839984349,120339.24091075588,120941.2442345358
99,53930.22752038633,55643.78610603732,55586.86684973158,56035.056654310116,53905.16462462408,54061.71107948923
100,31819.621565075646,31345.06629326803,30968.967490684598,30508.77733177305,32219.059723765742,32037.49118978111
101,48044.531497269054,48009.567396234335,48160.93756232878,48511.80954988139,48292.63666648585,48111.85470610457
102,26727.053512937673,24739.134129023565,25268.03054487233,25023.39299600008,26696.094694736432,26813.745127931266
103,29189.661340456547,30189.452698869205,30197.10425916668,28982.691786613384,29105.91390675521,29095.214901207568
104,45126.259155406646,42830.542817966816,42931.81362628495,43156.81925860491,45400.548700751264,45511.48540821435
105,44632.91065831573,45780.425254547925,46206.94085874856,46176.15370211335,44637.31212612461,44787.291143705894
106,47157.87840832216,44973.79002106879,45787.13788781347,46334.84679303301,47495.96501952082,47754.04101484436
107,34274.51619866089,35035.98823504262,34367.664211372394,35139.8602351693,34311.619850104624,34288.90116446546
108,110215.12497444483,111509.77773889707,112789.0445185855,111710.24352759101,110209.99259839802,110669.19416265283
109,30291.7688730404,28743.018850968696,28009.41210448959,29139.322635094846,30322.979843267858,30211.333501315676
110,50856.15876448951,50855.5317455727,50979.23997656606,51382.41100864285,50902.520520705126,51072.50550802195
111,31409.39612316693,31340.70727085406,31354.69289777001,30844.856468239028,31599.831853825897,31617.430583254085
112,81578.11964633195,81739.3289514912,80307.73221278298,80314.77991397146,81990.89210494419,81263.40876054762
113,49776.1235810549,49484.530260581276,50352.71218375006,48676.73793396139,49773.17662531293,49971.86029559605
114,94934.8549677202,100637.77043964437,100251.08692892018,97810.3883246749,95437.1227109839,95385.36788832479
115,66507.32206005801,68227.47619033794,66676.76291850061,64488.186486634215,66659.3002130131,66514.16872396696
116,35598.78039045349,38756.24644769221,38504.89985236563,38023.9382818948,34996.542597457556,35099.868159034544
117,37421.31976872492,36836.34962174021,36843.067471456256,36268.90112853218,37690.020723532674,37814.08993042287
118,11478.891960195022,12441.42048705968,12428.09634917812,12293.298809857954,11443.663786622503,11441.038131954589
119,85273.44201665212,91967.93858236811,90757.71885491298,86230.15840192881,84814.66850383641,84539.39342249416
120,102260.42702276359,104527.77915720594,104658.24316382891,100735.91513405857,101605.57618232493,101922.8374346058
121,46221.47782054613,43564.24320508068,43815.70572600664,43622.30766293069,46722.153690512794,46827.510800996424
122,71485.03863522578,78027.16296523936,76248.53005960827,73879.57490992318,71456.64167410001,70720.60005143953
123,32492.196169497565,31261.444394085986,31185.783584949928,31941.69394709701,32637.92502880605,32541.067343728504
124,29343.38627117768,28348.226703991102,28044.80197984849,28115.970445262657,29429.30169572917,29314.843816446562
125,21346.665604608315,20400.63078547534,20649.51720179545,20464.21165357217,21355.687632486406,21456.33707984108
126,42567.13427347885,45278.68397479231,44461.29426733071,44304.753316456576,42444.12572792332,42018.401593773335
127,54807.77623220127,55560.75518037482,56109.92519993262,57014.329891569665,54043.14086515064,54237.49246926192
128,58446.03376555184,57614.71372669035,57380.03226699961,57420.69119317349,58417.75942159302,58477.93343162791
129,29049.937307826513,29503.599354946746,29065.75050587848,29122.527947915783,29301.992080502678,29157.365027485623
130,61650.50960877135,65344.98851544998,64623.77354511254,65042.92013722389,61751.23203792285,61319.78729375278
131,29047.987924116376,27959.232014098237,28403.692230433302,29393.744978043604,29188.536137811614,29315.59211369212
132,35747.99222544814,33787.12089613189,34322.744800178174,32892.06072664351,35491.210475990236,35648.887695044075
133,20654.070379017605,21383.730768050093,21044.92628037587,20265.24606729972,20497.161962007835,20465.22481401907
134,19010.449114603445,18785.559019782693,18823.68503644365,19547.377997590545,18931.79914480037,18928.033171644456
135,38370.57540163856,37557.326204858364,37288.50526564267,37439.2541846695,38409.893121937406,38362.17802457324
136,61462.232889931074,62832.9522088639,62761.59704188658,63956.83104319561,61464.99898930265,61221.16225914909
137,13146.653604619381,12670.048818394405,12925.56311515589,12810.13515084394,13167.877478185745,13342.580109596875
138,63574.845543662355,60381.93962596346,61341.24886737937,59629.673485378626,64189.74747157649,64535.477188847675
139,27913.69694292503,26978.888053012917,27384.638717168127,28357.790082971627,28049.32478451005,28177.372998760424
140,86722.34231659776,85818.74420448623,86731.40940736726,89740.88992091364,87158.90589370907,87434.96696272775
141,18646.28714709875,20151.66365824494,19754.318312784595,19464.864998143268,18671.04742492504,18562.884472161193
142,29626.973148083533,26882.32506211308,27005.503345019886,27948.9607192696,29793.6574314016,29757.872069502904
143,34522.60148251959,35644.91678651168,35078.64243969789,36347.13207985024,34312.94180482168,33995.011868731846
144,17621.641932696624,16147.274973925605,15999.951193255107,16001.49446432975,17720.664388938618,17689.257637478968
145,37326.14908951717,37202.0236941149,37960.951343485096,37067.77501886344,37120.715989801756,37285.85334551161
146,52721.01396987714,55906.968201154064,55434.10766426205,55263.10103253695,52019.419447868226,52203.04639673232
147,16145.593007068963,17901.124912674073,17592.073211526957,17223.135233532135,16282.681587533289,16221.781901026325
148,103426.82884635577,101711.66773777053,100029.80613887077,101571.66638489306,103297.76457416284,103259.28680760719
149,50695.36654309888,54965.812674345536,54398.714844926,55285.52750483028,50256.01776151775,50017.283475025804
150,27009.87918586759,27110.012761970065,26636.494441083083,26242.793541677605,27342.781760508547,27338.368397728842
151,14778.565376408225,14160.469631283253,14147.14770490174,14475.739393033895,14843.64915515508,14902.523974238842
152,70683.99116715691,68758.220860579,69081.17405604805,68164.21046028078,70935.72962843179,71519.52354720041
153,35394.03344244885,36914.19919196944,36676.28124777478,36118.45188977901,35261.96194158088,35242.215937649205
154,14506.6708813421,14463.396384156082,14200.476502308135,14542.704024843133,14689.325192181524,14569.134559612961
155,49909.08408205687,49248.50291506308,48814.59002578016,49119.47622726346,50284.1381431796,50127.471870188005
156,75067.14261216579,72318.07948579172,73115.3508507783,73836.41938112873,75215.10924244142,75356.82340170824
157,36772.65386730076,37358.37325964702,37502.011556525016,37648.63184025885,36777.35484194465,36820.95659668684
158,10310.237507265663,9391.842498764727,9529.244445495136,9602.17649855842,10357.561427043305,10388.188688511398
159,95340.96597920921,96721.70054291034,96609.19910210649,96064.94175085447,96132.68144726448,96227.44505918204
160,25248.31580342021,25520.52150862669,25958.711544117967,25708.025351009088,25144.709089727847,25246.53064213991
161,27909.746479281974,27124.856263629248,27094.607924158237,26794.713536911713,28080.257527617017,28157.113346319635
162,63980.18157965107,61347.22577243936,61158.62680171801,62489.57227300046,64026.90278127049,64042.451588622214
163,19378.304102472408,18557.264118795494,18434.015935040654,18980.39801352211,19396.733828931996,19434.474645429396
164,43654.31575470374,40602.03897492115,40122.72249566793,42489.341130348206,43777.5444299968,43716.30616705836
165,71218.31133364906,73344.91630615987,74105.30848919552,74441.84584399789,71072.17652131528,71475.33327607016
166,47148.22175680118,48026.650593854065,46947.359539004516,46589.63916242195,47302.687912189824,47036.24554306175
167,29076.678921206876,29471.967615348934,29231.345561251197,29298.6155212646,29154.075883463123,29192.525924129546
168,83253.7446640922,82858.11968112145,82562.24616092419,82000.03512048916,83105.06482084491,83308.07511016744
169,23905.007031058485,24129.53045191442,23885.015590801617,23978.76778795741,23934.279102801876,23840.595414806252
170,18976.19415010499,19733.173102397734,19839.15185239423,19818.897508448008,19053.42381304961,19013.469933801553
171,14538.807193217455,14918.185837400291,15102.893509755231,15197.074091752373,14641.55654027549,14779.568094191127
172,30035.792320919998,30386.415969581514,30767.83981030006,29449.472753723123,29899.263396688097,30032.791252876985
173,16646.904811253153,17942.93559555088,17949.68511182902,17438.946433289697,16670.63020124419,16704.165353572196
174,37543.64912768057,38103.07498168088,38070.22980632135,38116.57013582149,37620.44305663719,37639.475390094834
175,40495.785092409176,40447.4012548828,40637.56465782796,41216.17201920917,40800.81401658773,40785.412763479704
176,48261.3944236656,47687.22498782607,47704.39169294142,46665.52844533201,48260.716730219065,48128.50986781116
177,119670.04277439007,122788.39013496977,122545.82728715033,121854.8223616373,120050.71666296899,120609.14874539326
178,52450.2422998244,52722.788249961144,51162.27690425715,51483.4635054777,52625.50184980579,52218.186071101525
179,72838.0383417961,78574.65668418912,77452.91567211841,76006.53891746966,72236.91708156062,71862.03751800845
180,25736.805139686276,23833.68630273182,23800.548508906715,23447.884072282493,26064.078762013607,26124.78674023616
181,60234.570025901216,61072.27754874439,61734.30186779282,60281.19452449896,59967.16106944633,60070.76585393
182,25791.639087522577,26821.03863339628,26638.592905873113,25576.37243058001,25678.725756488726,25685.34554079435
183,59417.168660263174,55188.31854576337,55082.56430163626,56845.480065363,59728.13850533383,59629.74653477453
184,15728.880899964415,15606.033167940734,15516.132983785137,15686.65081984822,15780.772800794422,15769.317360033914
185,64414.951984228755,66396.209814622,66495.58095441818,65830.07965237393,64996.784340388476,65059.76208904957
186,92979.00333110742,96944.76114767531,96519.56106486871,97412.98598273807,92280.27936702307,91704.66296258885
187,172696.65971324578,174608.91352255343,174335.22037321323,172972.8898149343,172858.79502441015,172053.7596869426
188,40136.939333462644,39232.53719236433,39256.52810524592,39442.04938797005,40400.41560384901,40287.59682179717
189,14101.189964850317,13784.877053229226,14014.967814937661,13749.942275042116,14091.057111801574,14209.713557574598
190,76860.94255792082,80490.08837733608,81796.46816466353,78732.51358894781,77226.71607056708,77554.04624450015
191,6521.097712043084,6689.842448895395,6612.736233329763,6481.325383934327,6502.5819392510675,6498.513899660775
192,19666.858151520555,19316.13038541697,19524.00941825163,19945.424976163766,19769.926212859496,19904.462966648574
193,21721.389205277712,22132.890148663606,21926.99190126408,21924.36617888266,21891.620331885737,21808.366808427403
194,69144.77023924055,73138.87254881024,71924.32616909053,70402.00926212303,69280.19368141689,68912.29574486744
195,33131.853334397514,32969.634606319116,33425.585917933815,33014.74809615215,33102.99195792378,33165.17072201115
196,35871.69800550618,37853.94797382744,38007.37323318203,36989.29531278632,35928.47034025344,36016.933917280185
197,25482.412453127017,26304.81806029252,26272.005159511948,25458.681571004574,25279.667175194245,25333.125610730713
198,50878.000311556796,51393.11137249323,51485.6828972158,50147.960052820206,51472.71741551732,51635.136291512856
199,45192.553658130324,45377.03774987951,46427.65815567966,46080.93869903778,45032.47285996743,45462.96604634706
200,48956.55898596827,46280.79056755714,45852.113417397646,47252.96905895949,49023.998617241356,48906.54271230657
201,13541.77377889094,13542.838285115093,13539.12793239722,14048.436697647912,13532.483807082204,13533.4805174836
202,23167.74152446805,21255.136669267144,21159.374900929462,20960.735166262668,23236.922684508027,23172.397499327435
203,8640.607143772253,8928.52520482445,8955.512210769728,8867.393326108711,8640.571928192541,8632.49311758772
204,59591.21335929829,60540.42138801909,60238.855644606134,60361.73172139896,59002.15749543372,58915.30038452508
205,13383.391314037752,13424.01783612042,13535.126338880656,13226.112101175433,13333.370280353643,13354.374219110636
206,31083.07445386104,32480.195711741784,32465.791303196253,33096.3479725062,31081.994270882777,31102.501252453043
207,50434.60419843282,50516.89901278007,50936.685785560374,49366.96559290001,50629.176292454176,50813.24907064385
208,56240.52885989735,54742.62983566411,55449.9800782159,55247.88683705199,56243.4676803317,56481.28150194159
209,35956.04693629432,34298.729709778505,34364.329897929616,35418.80969120478,36073.39629772153,36118.26003198347
210,68917.80754542824,65305.075502971406,65694.21889217859,65828.59961570006,69172.02937913324,69507.22789464991
211,28944.841728757827,28885.790028021416,28868.43877192747,28766.18788540697,28979.773561137245,29163.20313979547
212,59550.16894868203,60960.41980906267,60916.594570893256,62315.48641310709,59725.05744703212,59872.86957455178
213,30077.582258064802,29390.17813457994,29443.234291533354,28815.029955712707,30286.26669503117,30373.49402461905
214,69491.47097602129,66377.93189994027,65697.28369452558,67469.96622198519,70196.38232622258,70023.75889747326
215,80254.61569188075,78913.83581298144,77325.69542726918,80476.86489429096,79920.70364074122,79223.73794526592
216,26379.218128740133,24775.546116616875,24362.784261808298,24435.6596873181,26827.226588070705,26747.039623243953
217,36714.955308506724,41626.0761539496,41205.63168581338,40129.53472476977,36202.626227754394,36175.45330873793
218,52870.43570178753,49329.95156107195,50173.820505885786,49317.62671820328,53620.12176068426,53831.530210594836
219,43355.62877905279,43601.462182781885,43148.76018041578,44512.88240518935,42680.91960866957,42748.815100751985
220,79586.47974002529,81423.15898927367,82483.73164916599,83528.79444229818,78960.50411899548,79174.05382516327
221,35623.461537560106,36212.94881444485,35610.62796393116,35218.18976569404,35460.467595429865,35323.1320218854
222,38201.705083433895,39367.87903726284,39386.4634101583,39016.84385118513,38510.25003801089,38661.345330890814
223,76816.36526441255,78584.19410193738,79408.371746331,76896.55843082875,76472.06865429773,77187.5942123315
224,37805.64429601404,36694.280461669005,37090.407769887344,36897.16391505487,37686.81651176007,37904.58524195577
225,88044.4421411688,95228.3961901313,92831.05989987213,90625.24427001578,87415.29407886013,86682.8101904209
226,27286.307747856998,25882.494099301726,25887.2718342737,25931.7933475596,27506.26986342196,27453.1292873243
227,49405.68969761976,49312.944029586775,49267.22423963432,48374.532198115296,49289.25255146084,49460.39673076561
228,55349.16055895448,54102.27574916557,53786.06433241818,54397.14124625458,55638.950009643384,55416.07478896553
229,121480.79139613286,124133.77266826002,123418.39523970516,119579.66294874583,121973.60918065878,121757.66126628577
230,32122.95233843649,33317.369316763004,32584.318340620564,32541.335495625353,32288.23400803132,32114.83493418951
231,11932.981388292452,12459.455685127798,12430.874269285714,12272.310226103042,11931.083682917028,11975.097304280927
232,20235.58612152053,18511.125489345228,18223.71668246015,18448.253286472827,20427.716015586426,20394.027480992467
233,73359.87100110015,74195.50244337549,75030.25413467817,74489.25793264266,73274.8579391395,73286.67441520416
234,27592.47922286169,27596.292724924788,27190.066789347024,26875.594959018326,27560.353907156834,27404.30328813735
235,80374.65034140993,75928.43722964819,76071.54304073885,77754.23683666417,80964.620540935,81370.13836237496
236,52355.84574361531,54517.52680820492,53822.706093277564,54741.1011126514,52040.014318702706,52033.800135870784
237,26616.45693916924,27047.474117348218,26485.85798828224,25439.269399134013,26867.671574877564,26594.33046732001
238,52415.2287741948,51905.25415363836,52392.56732038131,53353.35068085494,52279.54559054599,52419.74451185897
239,76601.12787263635,79441.90347616721,79682.9670024044,76749.88780476093,76651.368412315,76458.75411872473
240,23911.601969331263,24345.505508608654,24739.396840752648,25623.844931093903,23849.920234494635,24003.423535904654
241,29190.809812678188,30863.795459728404,29986.96813374809,28853.490165729363,29605.056534664727,29216.86659947915
242,91910.51025691142,96765.43886154349,96306.03121302281,96280.92791393775,91031.63381905909,90934.86722726977
243,18357.537321705157,17726.109201337254,18038.53414647496,18363.403094459194,18370.002695314968,18588.035670127814
244,47874.87073655553,44654.20230454469,44858.59051155878,46560.74169398988,47668.38451308459,47685.14417860653
245,43475.96939901369,46247.56450787319,46074.35074126016,45630.43475470672,43330.85952365532,43357.49131107165
246,58738.34433738432,59016.97859189693,59900.78773464037,58252.189655780305,59298.20431615535,59436.76465456489
247,78492.76682451656,78855.9637603922,78196.21649976025,80890.84706188361,78286.13654028391,78226.18875326302
248,69341.59794547691,69877.5077904524,69841.21152194029,69420.68107435729,69501.01867714003,69101.45661851208
249,50333.24559419352,50310.23820480006,50506.10513721547,51866.078031445664,50307.13530863264,50375.2128772315
250,47702.246298162005,47060.160017601374,46578.757762750996,48141.05572019815,47845.59642460911,47527.77948500236
251,37697.06792914079,40097.66657498635,38927.528736714674,38370.047492977115,37387.57354187401,37133.62633918036
252,89966.97551129648,86842.96703864897,88515.5506368531,88991.57360294604,90820.80663534325,91422.31921533676
253,7423.771911157509,7396.310090612383,7348.29488250837,7343.076526318552,7482.961770134024,7473.012096684356
254,25267.823569450746,23994.156784852745,24258.198083926593,24245.091418714957,25128.087835992526,25291.02033936962
255,80627.49758400502,83290.025220921,81159.98180041077,82635.67286687731,80609.55185010904,80207.06583890221
256,66821.69029928459,64747.34746774812,65632.36307364028,66799.72554024735,66275.73482997154,66605.87235722135
257,41768.034457562666,40942.84167518935,40194.412114166014,40722.943950897956,41753.08258954329,41494.1895220815
258,50638.51608545017,48054.54209764315,48123.74249216659,49509.44879697937,50911.0365622436,50807.76250205038
259,14854.706028611601,13853.420912665017,13890.50920956974,14147.930371530092,14988.631233915074,15040.270397049911
260,90048.64737728484,93159.5111950937,92504.02662059097,91152.4122782082,90461.04856669993,89999.85528566758
261,43758.083947278945,44981.268743554334,44456.18594457195,43562.54255220626,43978.61348226006,43646.31546038062
262,77036.51607597261,78875.93941405918,78972.87949886781,76416.45950420236,77303.27213651848,77636.40988860234
263,22851.250726910766,22325.233044095752,22652.380118802866,22412.275913592297,22902.305697224485,23048.085093363672
264,13439.585326181887,12959.533694081421,12839.632166099074,12869.227716865502,13479.904937861545,13420.661013699244
265,79098.1076859084,85378.49341534679,84607.34384689892,83751.7391934417,78948.49138765466,78983.4520449299
266,40462.1013804761,38654.495908303266,38522.5644380869,38809.961538967975,40225.38360758676,40134.742067238745
267,69006.9477224628,67836.52530478936,68463.3224088391,67730.79650667169,68927.88928639716,69312.01694420518
268,16780.064667647042,16147.541694186304,16014.317490397705,15997.002723613825,16823.896023722842,16773.59173362321
269,63965.35600240824,64376.19649631608,64267.70129513669,64058.8187089454,63882.44401620562,63690.07617697086
270,45411.67652226708,42529.51057465243,43144.97833700878,44248.94800104744,45529.37191754856,45780.32672709404
271,41466.09710589699,41641.90697639283,41480.956923942176,40498.816811429584,41670.73711447077,41644.41404244954
272,76040.54989442145,70080.83069828195,71249.60407518603,71534.8052795132,75959.00576582243,76073.37821898758
273,41235.6672233268,40295.86924428297,40455.92012267408,39816.965542818194,41243.559538466245,41309.99433303516
274,100770.10310752677,93192.11761622253,94018.73516490139,95187.9503830157,101361.96334560067,101191.553268901
275,74220.22111340222,76257.23976743032,75162.96706951216,75151.55612746775,73599.39817404478,73343.44369104285
276,47853.69045984767,50554.217155000704,50092.74449959036,50121.32653512887,47613.2516045605,47719.641230034606
277,96653.47885901875,103175.24121891776,100951.88375091887,101539.11414562017,96251.48493167353,95359.07072897164
278,11680.525081406491,11230.488700327443,11239.87786434745,11426.733669031768,11731.762847164713,11789.329563073976
279,67245.81633014274,76526.15554784576,76123.39374427572,73797.37615126943,66393.50339497378,66402.64666020319
280,65982.87673378672,66983.69813469175,65655.78857188167,65748.04308834663,66075.62338724652,65728.18341310113
281,22996.23632149678,22827.618534400655,23239.313831406034,23224.67947233578,23081.619317566572,23166.081180775414
282,45547.688926728166,47986.78965239974,46963.282847907925,47982.41108724007,45306.007064470665,45011.00303427097
283,36705.451325153736,36834.082583187424,37183.733916117715,37290.748387096624,36692.5603206487,36888.08155286958
284,51890.37722322059,54018.87056385606,53875.36094483702,53045.88423655389,51978.69492657471,51753.97329116836
285,76074.64222038735,71717.67603109365,72160.63739707097,74494.18341941066,76024.30400767947,76269.176594359
286,71831.38028187508,68596.88611272589,69093.27936928703,68961.25672267027,72842.45468554697,72774.07968344395
287,26822.897850308767,27968.302455312976,27439.615144636584,27537.566281966694,26821.829161942653,26662.797588178673
288,38302.903189372366,38298.15212933824,38181.021252690305,38406.19575691368,37913.09835177119,37902.555930017406
289,81082.76242046249,80663.99770667663,81067.53247347163,82956.76165508835,80645.74344882055,81223.21062849187
290,57073.79339905586,64951.232682757094,64310.382670356805,63857.131505567006,56151.70213858345,55974.12824471842
291,18022.119466684107,17878.866534572833,17840.203872090264,17349.66296989035,18120.677756635676,18090.94758170016
292,34084.929679756366,33524.59208719489,33574.99251043318,33171.8221165999,33868.57184806474,33902.42771124574
293,69986.58411020691,69617.28684516509,70215.61316648238,70382.1035392249,69459.42805328447,69676.55134502056
294,64768.7338714882,60625.35563612032,61067.92517996275,63243.90950995299,64853.38335370416,64841.46224197786
295,40297.86267886414,39834.385212323024,39952.18515085638,40391.26616206423,40416.37615425031,40334.95665233365
296,22302.57114022241,23363.338933683804,23054.263873996773,22439.031414378012,22349.2186875369,22261.513622510458
297,38565.16746959295,40208.612947999674,39920.606959795536,38867.45464534572,38301.352579654435,38177.076704521525
298,32845.110185532954,33880.51658890089,33621.42043213236,34082.126087586905,32920.92657397671,32884.919299064764
299,39558.7959573465,38483.36131973336,38766.60563014491,38603.77935596588,39614.07123108039,39873.38740931522
300,41796.08922987774,40583.831210274555,40281.72875400815,40204.40753256927,41820.959075463106,41808.22844079688
301,83008.25792207454,76688.24965247583,77522.32389035473,77168.87815326387,83753.78796249653,83958.05881741042
302,42680.394570733384,42289.30661720456,41607.0684306398,42402.155640096666,42492.56339957089,42441.41564105493
303,49758.62268734204,48950.97438017289,49529.93856521417,50751.3956118852,49836.61022576194,50132.959978657374
304,28934.943232119927,26962.02562388815,26940.614124284803,27317.732201217506,29061.252148673877,28982.393293663372
305,25256.535255558898,26746.63736537425,26105.20089964209,24946.98414975169,25258.789356030524,25170.153099157575
306,17836.362761368757,18021.74395244982,17634.41140225823,17763.740791689255,17898.723937505212,17695.214918236456
307,65170.71598103608,66773.0521267059,66423.19902141525,66622.78268769299,64878.92544746134,64674.647001844874
308,27011.152929177573,28962.764058205346,28373.5749262021,28961.00617680205,27022.269323831366,26792.20544867149
309,23418.2069848667,23592.672860275532,23934.824062808108,24102.937097454305,23315.42458004129,23394.556406741427
310,38241.70426821029,38562.3176693933,39241.17167069108,38761.11296257181,38120.23083924575,38642.59276498198
311,10170.098918235331,10536.927717671171,10353.374798185047,10290.06295947679,10196.966898936318,10129.853578166863
312,64989.936991701514,68151.09206441806,68254.44439962391,69050.48516379412,64530.80105533596,64475.40564125334
313,35909.395043845,36075.762371472796,36290.87096198872,35931.41470590173,35874.105633239444,36012.1639721505
314,22210.602201341877,22091.684596727326,22040.386763289072,21788.297389687206,22284.7507060584,22263.814919856493
315,17785.842708091324,17770.200896554652,17881.314180903806,17559.293206837683,17800.35075783054,17838.962899346003
316,42925.33629971618,40542.379163977115,40775.78935525378,41994.3399414474,43053.223897080956,43331.782718940274
317,88731.02292348332,85508.25918919576,84636.80771702636,85959.99496473132,88951.43021315071,88687.32826662957
318,28742.030042857023,27363.25119022044,27547.851752761504,27467.782132772874,28932.771192909175,29036.88947433396
319,40455.50229998837,39369.073419452645,39958.66916512728,41078.11290285153,40237.60044496996,40437.37164052319
320,50484.50803577175,53156.58200778174,51729.36023353636,50951.147690155914,50771.924444857104,50443.95257845851
321,15352.1129608298,15910.420241122778,15670.723120865658,15628.907060666295,15350.446828356515,15265.04136067682
322,64584.255020696095,60841.20781101817,61573.42724235604,63351.606338123915,64693.3301358413,64936.509407144265
323,41703.83627088686,42609.39797693968,41860.36571406803,42236.9243516421,41795.203202145945,41383.25781579039
324,42720.95415667022,43432.929061948504,43932.69792824226,43873.09864553142,42679.9004589903,42689.644917462756
325,29892.96441223732,28069.686026256808,28666.817540063752,28817.04729112252,29763.496916464635,29902.604365386203
326,31588.127742605073,31893.77498668684,31770.92097317923,32502.512525055838,31737.347530107003,31683.973973873624
327,46016.65846681072,42860.27065693331,43358.4757531619,44109.03680856905,46073.78227386133,46237.66469721476
328,51089.41369763382,48613.661199949245,49317.145380029884,49040.22650136971,51536.96769915334,51804.6480145378
329,75154.09044625376,77510.67515379137,75540.37563123663,75785.81325495309,75161.00677117112,74494.46445411089
330,77979.03911725042,79924.83125177071,78822.3711223013,79955.95818516285,77048.73164353971,76632.23769509257
331,76435.33744012403,79708.69354885256,77799.81924838379,76396.78611055392,76467.09299404104,76102.40110268949
332,43407.50340209895,45955.2759501382,45412.462186076315,46388.63115693721,43663.10058958082,43454.04136967323
333,61159.38340300621,61154.53175241845,60421.10025705746,60315.168331324116,61195.34414690637,60924.96275433822
334,30004.742473923066,31489.260590019956,31440.326102809755,31395.548204244136,29804.715827961012,29739.115465877712
335,75988.11790458883,83091.87030943704,81914.60329617145,80762.00643622132,75765.2095612042,75388.54792024175
336,38133.812077104245,35689.65547926018,35176.280384635305,35004.16661686275,38260.268955215004,38299.25892041591
337,33532.42291529206,32665.46007398484,33375.142516000735,32968.55661426465,33661.17939976646,33759.19208466172
338,28010.938208993008,27898.109994946324,28634.37398994611,27491.06486010799,27852.475721824914,28174.34689739388
339,21982.210079687557,23986.54195023392,23160.473111424675,22928.457014471947,21878.86260579999,21709.65157357364
340,12914.854363973956,12351.69592414166,12655.583154445738,12253.37167997501,12851.981938697554,12981.34942352468
341,34844.61296669401,32656.964274273145,33171.95276313999,33609.23854654418,34756.58345152854,34976.07846951197
342,14936.699342489395,14528.118882938898,14692.413622467348,14603.852747515059,14930.558769146784,15065.28586915021
343,71427.27648788686,66405.22835164884,67193.58635317592,66689.24402929089,71661.38323429418,72144.24618869374
344,37278.38197633656,36344.90391578761,36187.23792233348,36689.372286749836,37534.82107288938,37519.88024988539
345,87574.47405887765,85020.87200090587,85253.69032166833,87686.30823079775,87704.3209901614,87538.51763018369
346,28564.09647199443,30826.201824793123,30241.58913846279,30553.20642784968,28480.398117414792,28242.22252796593
347,57275.34049856223,60159.435697039204,60400.049747018704,58226.645593252775,57237.40814974088,57165.291026148145
348,123566.29325649161,123853.93978104339,120501.98873892387,123426.28053422931,123626.77264555132,122262.84969818022
349,72115.17969649068,72413.61519663385,72147.2760674843,72350.4302070798,72150.7206161805,72052.82876158849
350,9116.070226872533,9362.796097705746,9471.460159096183,9352.0060821026,9065.600892457674,9151.181710117291
351,71657.55431336176,75606.72721159336,73950.2352282085,74045.74707301057,72147.10941145883,71609.07901120614
352,63166.50429290208,62844.82725569958,62541.19525773723,64073.14716664422,63093.10044585253,63054.604582572
353,44904.59474576125,43106.621757758156,43651.91347780152,44364.31397594691,44847.807181212964,45009.18713115479
354,43043.06608045462,44018.63736447241,43861.41116111969,44114.15682267884,42916.65757983621,42915.14883721409
355,36033.21645578041,35138.897600239085,35338.03600150924,36166.53269128752,35854.05832701194,35995.21181267889
356,44562.64513003159,44432.15158064148,44360.229210418336,45213.16658949144,45062.12627384487,45199.63234693405
357,52191.00080585276,50420.09027117077,50550.61600737317,50912.97211540467,52261.24739707996,52371.479561272274
358,57520.97488172783,55927.51078333441,55458.41132035143,53905.43013928719,58040.6159032719,57861.42362172901
359,53701.36356443701,53145.004467715335,52833.18017074798,52663.025869685436,53947.01606896722,53729.70911824896
360,78979.38491755158,79880.80510868321,79844.73527880997,81335.56698980862,78806.06839923693,78969.67992489669
361,16323.39035246338,16259.102046591639,16479.697540639405,16059.615079530564,16503.06266603182,16567.614595366307
362,47433.612799968934,46592.18152435538,45969.96844527393,46140.37806796065,47855.031968212024,47664.44083269152
363,10242.734880330334,10071.02852200853,10185.415616219285,10052.24917812563,10234.943562416665,10336.382320951841
364,23854.00416196687,24555.9311793978,24914.108542179085,24973.324189492072,23740.271946175413,23882.655420552986
365,33326.85475911284,33137.81089856941,33016.95014894058,33743.35922716826,33238.862982974846,33165.64041558806
366,15990.401474579236,15081.001111746324,15274.276253995438,15190.161673601742,16028.713193061492,16104.964825742416
367,28828.930150372405,28527.697866944607,28177.82884956588,28400.301423539197,28862.644687194093,28789.88872774176
368,21129.124113946105,20458.99964550066,20708.11094824555,20547.57080264998,21237.18498806591,21257.475144144086
369,71428.57222726823,68354.69047799999,68670.05251100146,68549.78761295602,71994.61119057589,72118.15241206664
370,32283.41747064251,31818.328377310434,31813.214622108135,33625.71274300715,32111.711019291448,32105.3156455629
371,17648.4833681683,17314.87066253581,17288.89139294497,17758.067615699038,17699.93467648541,17719.026134041713
372,31504.83712312366,32291.41130245013,32818.24858014404,34422.4704625364,31186.335820815184,31415.433761013977
373,55214.0122970597,53530.045394131244,53589.133656376485,54331.480958827815,55480.27021992738,55634.02767647808
374,67926.74403811194,65518.313398948514,64848.155024254535,66727.00357068464,68427.1875358891,68179.73921334486
375,39715.72917581722,40818.65006084591,41063.32635609085,40719.98816907231,39528.41413670277,39758.77829363148
376,39968.6798165003,38031.888407864266,38470.66228947552,38779.89252522869,40072.06964597656,40140.954008236615
377,47233.35241815678,47550.69556464928,47398.42138146607,46744.08461057147,47278.89302627111,47141.004117403034
378,30086.429328931965,31722.569354447773,31177.64576243829,31184.092671836537,29750.906509313107,29539.765061954364
379,53209.65607991765,53890.32719420609,53418.58492155358,53229.613906296436,53618.01327709894,53228.25857800393
380,34480.01970558022,34379.54352554893,33881.33438457079,32893.5871294789,34571.444808235574,34470.52890188576
381,46532.16242878784,47242.12288850665,47698.32890387366,45776.28184607782,47004.82967289716,47186.44632554913
382,42439.68494237588,44012.18688193112,43413.82971512729,43824.4893112295,42116.08850204965,41883.18067049524
383,62799.76239883651,66232.6711327185,64748.398019699256,63943.29091723014,62709.20802578092,61912.229142876095
384,19832.092024280253,19642.930071382954,19554.326342494118,19323.02722280624,20061.46152868313,19994.49582761783
385,57098.74332115608,57125.53342162873,57109.18650330126,58820.13803049818,56802.152136178,56668.60445587658
386,63041.05565016018,62401.627504388576,62104.67490916804,60481.620937196814,63593.96449572417,63537.67875447852
387,49620.80328344488,52191.49188965553,52202.63439445019,51982.30552553942,49323.36511144494,49438.61705411015
388,17340.893074962776,17486.342956123444,17386.898411675527,16915.64078744475,17426.39611169814,17348.902013717983
389,60988.0885399112,57713.70753639266,58855.48434581775,60093.22877670588,60425.01837406663,60753.915149811386
390,32872.987556540495,33391.53692011323,32948.87514306885,33116.6237859229,32759.427777073466,32677.90417972033
391,52374.452622273755,54067.41938974696,53654.54134418931,51208.23563783453,52217.52023092357,52289.39343267561
392,87462.86113607785,91543.57054946852,89780.45411647958,89508.02297323386,86461.01569994098,85829.26385046775
393,45868.75923233484,46551.17643722594,46555.368596491426,45584.64175282004,45748.90806712206,45993.977908554356
394,85107.84132040266,80463.25697356298,80754.4586717983,81580.26410391097,85104.64446197823,85134.54538017091
395,63313.61776090806,65061.634372387896,64982.82828482164,65023.95087530913,63511.190101000044,63589.63369465266
396,13062.113052171286,13232.147492927885,13256.69010228749,13113.063289573447,13087.04908704432,13177.143415618088
397,38566.37108546826,39194.71392348038,39066.58179134095,39183.7584777911,38506.182889588796,38485.352380499455
398,16319.12685435726,16136.837381530071,16099.28194830749,16056.950230053968,16318.731513868248,16346.866437402432
399,29368.634092793036,28549.205331417437,27882.48820557443,29201.712968527132,29469.113900314675,29259.333709562317
400,32390.93484074079,33276.05469207106,33072.31873183012,32679.69212939757,32623.89197844589,32457.339950072004
401,62028.81527911417,62120.63952787116,61842.74432531525,62229.456750679215,61126.79002176208,61329.87007508188
402,32190.807549041445,33621.81899782911,32750.739308577562,32214.241718477882,32340.64216060951,32157.523730466557
403,47598.94911402336,48275.26991988116,48215.86728445662,48100.73136476392,47608.59612464792,47224.97963522266
404,81057.46601619315,85462.1976523175,86114.7325462171,86026.74298353771,80479.64310280704,80324.24496671163
405,17895.704877870143,18339.141319504823,18432.900852617156,18413.472108263963,17907.733468289538,18006.394837661268
406,13289.407920996306,13206.667637089979,13337.655077408373,13040.826155232498,13236.054643489048,13298.281616806029
407,96842.27198242421,103835.11790380326,103707.92808844188,101030.76461733114,97076.05726010626,97058.46998051835
408,23146.90437496088,22285.82829072452,22354.5945723482,22014.7987361685,23258.261033298695,23384.80883601947
409,18155.415998935438,18195.186872724855,17974.854928835117,18134.192047083427,18292.60968548129,18278.761045977528
410,71390.71359754131,73592.8660650698,73534.71789332131,74442.8674511395,71318.13279311945,71150.28135037572
411,83696.17508242435,83316.46408066544,82995.22913448072,81126.05318463173,83944.2596043853,84130.27685336585
412,34870.32254479969,31634.481613576223,32374.610885892267,33584.53771838845,34746.69782844288,34920.82201811887
413,62316.560854549185,60732.92046038706,60959.955530859705,60385.632916489616,62375.8378865278,62484.00984933562
414,24944.518748893584,24842.754265593027,25061.299077098898,25575.348335295537,25185.711409133168,25216.12782473555
415,58991.86687548151,58209.044225896076,58870.269594178615,60750.43297461248,59357.34036394765,59359.39758946772
416,57082.15706283261,58947.59721745116,59618.77747550379,59721.47080034404,56970.9029952807,56980.87342620683
417,49856.714041253384,49763.18182223848,48390.64039944244,48361.2174433451,49886.45997926744,49820.78672402157
418,42078.889857419155,42791.74007866494,42901.01577629024,42591.15411203396,41753.70944134667,41787.19589873379
419,57714.489268376994,56456.597547847414,56342.0928743994,57477.53212987035,58029.30526478675,58000.54801257414
420,45317.99944553608,46514.80748868265,45650.2136826642,46212.70123942512,45555.73947659197,45192.94772267603
421,27614.320149537856,26250.88719831018,26128.300678469386,26393.709073851307,27689.04174153486,27574.77133115907
422,71090.42434120357,73086.12240657545,71550.80420534812,71406.1798501927,70643.61797897074,70488.65162593823
423,8763.507761177418,8626.376504661346,8417.963773435271,8075.852037334982,8883.54230261537,8810.357711747381
424,84950.9422118649,87836.86741896777,86236.21611172808,86293.13195631906,84919.79084686829,84268.19834400415
425,49574.866849441794,47879.89290360036,48251.07355406258,47590.89401737725,49451.49096316423,49604.23182299743
426,49365.26263896599,48988.107164138346,49778.602745105454,49383.19419467546,49694.808418063476,49969.13003821507
427,51399.94279155611,53140.25093092776,51896.6372158837,51366.33087327177,51500.42248005381,51379.527282464784
428,24929.568875015157,25737.57092400278,25473.457368015825,25247.164558051645,24826.404762791015,24670.272999061064
429,83059.94824425026,77001.96242735672,77938.52849261473,78527.36253268026,82971.99417818102,83916.44279633077
430,18960.776729639685,18254.575662818366,18671.957532968092,18516.46098718313,19004.544210042648,19206.382137918787
431,21496.092716301086,21337.547976780268,20788.058113654475,21040.120660337932,21602.562059102947,21461.182310702192
432,43293.202184751186,45409.54496019653,44156.86170236056,44991.47304528007,42989.69188998507,42448.91030983119
433,28461.178085310326,25910.654391653872,26633.20445308275,26171.77896473982,28729.99014558223,29095.48397364323
434,64881.495421068066,65891.22089067817,66300.05230229319,63933.46658447852,65233.05557915123,65329.386216902974
435,112673.04487972212,100845.54915266985,102937.04818786189,104233.76877297652,111590.12088713623,111906.16252257396
436,10905.067077480491,11175.134831970521,11266.483620289004,11090.466558932698,10850.854976641956,10877.053461793827
437,43639.98993535357,42191.99989681889,42369.477439572125,42357.48029962202,43682.64975009595,43854.45172516582
438,123718.96591125564,132548.01433153727,131055.01292891265,126805.36680932024,123284.89328211611,122442.20395782661
439,40335.62947213135,40860.457603171606,40408.84851206517,41057.27652026934,40548.69733089567,40398.222618788815
440,20098.20780271145,19232.791551564,19783.830633374542,19207.606439804647,20204.335225266535,20561.158333883675
441,44901.72718709446,45418.13192332161,45415.99938523765,45516.549338788165,44888.42985696384,45120.9374207702
442,41108.09372789275,41465.10769761679,40902.84822354698,42070.728373752376,41143.65331804467,40747.16585446227
443,26572.487283829178,24031.883117383553,24448.161909354025,25850.069939775298,26802.3790683491,27028.161942268867
444,53549.601333711085,55130.5186822773,55649.01764051088,54768.53571762318,53494.137792133704,53464.63037786332
445,47165.990721285125,47126.670143507356,47138.86175277465,49006.920309859765,46875.54567058639,46918.90950286004
446,34298.97587344833,34247.27643427814,34189.69451418877,35298.009824009896,34519.05833891527,34404.797121269214
447,43316.85218930479,43130.81619797923,43210.946585983096,43570.15752286323,43001.3224086238,42914.87545491797
448,49220.73948909375,47636.483347092544,47932.61853484034,48770.74613638572,49460.110568802615,49718.5452512273
449,49459.041700223526,50009.44086151645,49640.78471263117,49973.822316646096,49304.534571605705,49144.85316250503
450,31094.03885268763,31581.186247860085,31468.361097037425,31317.793430194775,31128.56575325398,30995.01659289917
451,80422.28906205764,80557.66403674378,79783.88820926423,79507.84139104042,80841.95971370678,80635.70835608638
452,30739.253605359732,31083.370882340336,31418.636927306216,29882.211206968044,30791.826012681384,30905.61695808093
453,26602.865838418602,27601.1199787047,27696.43022842403,27067.296132744075,26537.911770995408,26563.30886139653
454,22701.234008264473,21806.73672343211,21741.258013219383,21274.129140734374,22809.69179485897,22835.682730808756
455,54582.09168804123,55030.89464849001,55299.52321246854,54629.05523191084,54633.46753738311,54599.76911522676
456,33605.24860791078,32832.505572917,33239.23831552367,33334.26839468331,33515.48049584264,33731.030421616946
457,38382.31656813075,38907.343716209274,39307.49354135497,39114.80664061522,38106.40516416848,38296.81016897196
458,34082.00734951382,34525.451458634474,34948.06665145206,35235.12595986976,34085.0408576595,34330.263315841854
459,34841.43199435559,35061.98434632352,35081.33906254646,34231.005233490156,35090.04002513648,34942.67497520333
460,14550.957200075694,13269.868110708623,13123.067295054972,13905.248828048769,14574.830146779734,14504.732658201909
461,78383.90711828478,75136.342748057,76045.32467122014,76123.61908636238,79190.95317403355,79548.98943664374
462,15977.474494521608,15774.258983559359,15459.820843231766,16145.492117953965,15988.121562024722,15782.289431930978
463,65897.85342951144,62256.72560609986,62505.57455954815,63413.3316626633,65783.7477447903,66371.27703939025
464,89320.64161972105,88389.394100173,87870.1133142165,87386.01419003247,90006.96991963999,89551.27469081014
465,22432.048221006364,21218.747938649485,21578.93090247325,21928.313520505693,22143.13925535577,22262.133182882102
466,50214.04993482327,50175.74332951391,50046.44061636546,49467.94268263671,50235.89800664314,50243.980785709864
467,66694.40505121788,70874.56224926132,69328.2149196314,67362.20354021595,66185.4692183821,65516.66087454907
468,70618.96907797773,67155.0815617511,67511.35068040938,69333.38767722892,70926.82866865324,70973.49051780664
469,101351.58788750063,93776.8044790401,95034.23458668365,96891.2375993375,101099.71149212644,101637.72250351006
470,15315.847703543006,14932.399373227816,14728.198783750622,15002.721965526594,15409.137410544576,15396.515077655376
471,37273.24680673883,36281.89707058619,36241.8184715123,37102.28484836302,37739.09541426602,37888.9652709615
472,26158.157150509527,25575.528881711864,25448.796180888887,25702.071577349456,26222.925739977203,26185.073853183763
473,24911.441437127094,25162.23107137571,24834.58565447768,24555.28508996756,25236.21137964183,25139.443106253162
474,42515.24773832049,42174.936170489345,41690.97672407697,42123.17575808694,42444.32036618682,42398.12638026315
475,85977.50370070433,83553.17026113454,84914.87169889871,84508.59069432165,85963.92075478817,86750.96899203045
476,33962.69849976365,35373.21234315363,35059.810836859986,35315.88729298791,33700.14765970982,33729.30058361372
477,40484.22578635659,40427.02154090036,40122.95676055653,39973.50118327443,40088.89955686453,40136.00169854437
478,83191.8357112665,88818.48404628168,88998.01992809931,86725.43216192105,83171.70790855079,83120.51307488802
479,29413.976204038405,29724.362064597564,29865.974114192115,30964.562266009223,29310.199718461674,29282.161788935762
480,30216.616823879165,30899.279796004146,30855.677814255556,30675.85723512299,30062.613657234877,30083.367545535944
481,12134.672953784622,12846.6672637413,12759.237850890935,12689.931091662254,12111.442223872084,12090.236096274934
482,49913.027909939956,50534.09980119325,50179.02962577147,49294.537119104476,49916.81241516713,49847.803246023635
483,16259.121254929098,15883.613476167291,15866.606683439759,15578.474462086937,16260.751930598713,16301.841760154666
484,52324.36125764143,48796.49088443457,48586.7032325612,49231.45349097981,52549.90110484105,52422.078482132136
485,10302.81384485816,9270.903782003737,9288.407171563791,9326.555712629495,10484.188543325237,10548.555605720478
486,83209.63342789907,83025.69104779052,82453.79165306878,80832.8136306492,83000.60588371375,83071.59213788474
487,44696.816048492015,44948.00698369878,44158.17376179499,46235.19579139162,44503.75166545403,44234.949616470934
488,79362.9094312162,81469.5165085556,81203.25922074438,77488.76747820924,78617.30454469906,78754.12719839999
489,39031.98605182842,38965.154332501705,38709.89950784461,39629.58093881668,39142.718496763395,39107.49618018698
490,20124.15140273986,20377.595884633327,20487.037770263985,20028.334418390743,20275.967863219346,20359.147829376307
491,15283.310103622676,15118.905771014282,15000.882942680677,15060.24198496968,15417.01422579457,15402.972791419435
492,46621.011520948814,49034.27736392412,49311.661452773784,48820.34919111837,46616.94961121843,46601.70885029196
493,42531.41423926401,42479.94866214236,42470.43004486014,44055.75404088328,42558.675760596445,42724.41783751563
494,22735.528725480723,22330.811293516697,22283.981511846432,22605.05458212738,22745.20780819045,22801.08486906534
495,43413.85282606056,41937.63290798508,41660.62222181626,42411.335424835794,43199.73455736989,43125.81169078656
496,30001.344237521644,29166.990692980995,29281.393771561256,29517.594147618933,30118.67833850214,30277.469390753075
497,16163.483161531674,16306.864069813944,16047.256592011156,16133.698214745542,16241.607054148155,16235.27193982654
498,50629.4569795388,50266.374665128555,50847.746984684985,51361.287778215345,50684.91020277101,50724.039456886814
499,55915.73929756165,55891.78177577855,56223.60213519,56870.546429487236,55806.07046081377,55843.32802495076
500,16882.188213618727,16845.105240628138,16521.432783482112,16345.37940993406,17014.400755251725,16928.482316689468
501,106025.41054587587,110049.27785247471,107594.684954553,105328.51811993479,106248.79243607467,105634.50842454405
502,49095.182085936496,50109.81039038404,49339.25109567101,49250.992474020466,49755.8604874463,49644.64722143907
503,33160.756775940485,31279.635919603475,31774.754986317657,31962.487146300566,33266.89446112818,33469.577891143635
504,32789.68505885901,32538.714941588252,32567.65357217446,31911.54501254445,33024.65017518444,32949.69379879534
505,31709.895034668785,33448.188566012876,33106.78767051106,33746.15661552131,31543.44387517767,31505.652833380624
506,42077.651941083306,45038.29871144989,45081.04298868488,44430.30305576714,41852.114289153506,41823.380328554595
507,7513.710606943802,7689.1130233581525,7775.994687186553,7808.415679081176,7523.667431324621,7537.294637505752
508,48024.573024516125,47345.61493443076,47032.143827535925,46762.909937152894,48353.433809948685,48162.63236383531
509,24289.882272133054,26535.12673522519,26507.275812401516,25634.742805355905,24348.479113325197,24351.96890692594
510,37065.23360413861,37248.28287118228,36880.0310860368,36805.15925093597,36955.29120017024,36844.51150109083
511,15799.456784085198,14398.876380388654,14490.432281298903,14581.209156624584,16151.993670544274,16168.904107949935
512,13035.668463060194,12536.584967814519,12562.673053734617,12557.696439275618,13126.364719291714,13164.913570022529
513,7403.123801442306,7086.936419187685,7049.92964377978,7013.2576780121635,7381.37904726855,7339.980769852449
514,22836.018245694544,23077.02900256846,22811.948824837073,22587.71036894815,22721.367280030325,22691.03083829712
515,90199.64168375562,91794.59612552285,92575.04275653439,91247.9946602796,90172.64007433015,90682.22635320658
516,13145.664833055473,12751.742364694133,12846.102671624252,12600.418585278934,13139.780987904982,13160.58298145085
517,31703.67591286642,31144.716197250546,31124.178739584244,30718.532123897443,31784.987163545662,31814.743011315826
518,94771.15752305168,91007.63605867421,91749.80720606277,93529.97896925171,95715.7668858586,95814.24595964182
519,93575.23459291885,94436.18136270577,93330.93996768007,93418.64751446576,93839.5341855801,93215.69694972268
520,50974.718542788985,50934.35292670163,51264.696800788195,51396.84851139086,51077.58129366019,51126.79757305196
521,42662.491900695306,41109.3721350056,41202.877209167105,39901.40528087878,42712.38950667395,42452.09904155413
522,15261.311640407486,15323.513239049149,15462.303258753598,15183.374707890032,15194.960580857336,15252.272038797286
523,79494.1792081785,78491.21274222706,77603.1489103284,78659.36268449682,79731.38466134733,79653.52406677476
524,35472.30518446044,35758.09378428113,35312.30999649041,36344.89996849903,35558.8334279179,35359.339308846895
525,42167.150413582356,42286.78345483819,42297.1465769342,41991.794956442376,42314.6890484653,42120.10729379974
526,28227.234992330727,26982.00297728842,27270.336995276513,28165.651011982096,28248.891551837958,28325.32643556846
527,35987.67297121709,36267.10075326988,36523.805359601625,36128.12000785244,36061.70161269115,36217.92071763948
528,21598.760333282567,22505.261089446194,22396.94556544305,21722.737237948248,21670.655888660724,21628.322371042723
529,33860.8461982498,34331.889088832584,34050.41512309619,34193.64354934298,34052.35825717022,33938.71489480906
530,19098.05238252256,17681.439968795898,17598.724286216675,18064.43615277046,19225.43073450802,19191.706148073976
531,58202.314762280046,58084.95932440345,57821.329382519005,55889.74413327491,58457.30788879592,58731.57975512825
532,63978.414020788834,62193.887740026854,62509.790047136325,62820.29103403595,64145.93190061959,63981.899252874275
533,39942.487913157885,39158.636696846814,39784.13295514762,40204.54005687782,39900.92070505363,40231.72333000331
534,46755.23678519807,45962.03990495204,45881.670579479534,45930.19748427482,46663.62094100996,46669.658000976124
535,57767.921411832285,53910.99720051407,54733.23076570212,55398.57987431255,58130.825071252075,58587.00287504952
536,66592.06999481861,66539.203387966,67498.11477026432,68294.45274780641,66546.47673316035,66631.88566432978
537,117407.27154832658,120539.52413645246,119000.85480960889,117445.83740222802,118357.57385161312,118643.36337371844
538,27614.045520908538,28677.200652705156,28599.358657429533,28211.697965709136,27494.522259618283,27450.458733096773
539,19939.06359711825,22829.552751996016,22581.392756144713,21697.803878846647,19830.840424663464,19773.354207270833
540,6219.196616056843,6278.43354720104,6146.528565038172,6051.491175175178,6228.972722979941,6187.985186477737
541,47968.3489295022,49266.944652204475,48651.61721674761,49414.481176056324,47629.6469261414,47401.69045806485
542,72700.74945138124,77438.18535701098,77361.945000002,75399.33667277842,72997.95650817463,73268.2117602295
543,38748.24035402659,39468.01915693869,39459.077017417665,39237.7948550161,38962.050211872775,38788.54086327949
544,33218.18686642066,34378.22754571573,34885.45468007438,34176.48078491831,33257.19218012491,33466.530815066144
545,25825.1350440633,25502.612875540064,25550.675628868263,26172.12037917731,25835.059590158882,25839.58692577251
546,41090.277190275214,40921.87393952566,41045.196047823825,40962.569006670295,41421.32127806846,41522.44870233909
547,43519.2957393071,41784.01226082576,42269.52085583412,43327.39528516156,43588.40977333797,43906.513794290506
548,42727.22390801081,41418.17718585534,41262.12469311927,41367.55300756932,42548.844837509845,42618.77403599403
549,31523.138076151452,31248.071055230103,30517.31831985457,30942.415667153076,31482.494273267494,31247.410026836922
550,73569.90132511346,74686.45455673599,74711.08427083578,73448.93725125185,73637.35792809576,74036.4244651589
551,54496.72785102216,53467.13271736512,52249.77029704937,52918.74788899524,54376.557500612726,53916.15864784292
552,39261.401278107885,38616.898386235865,38505.32186126765,38361.33816465488,39268.87428420727,39231.0194851592
553,25936.42432343218,26263.16408985732,26175.62712613727,26369.653950255317,25867.113998421537,25804.39471137456
554,21906.54402845922,24099.64027334729,23736.102252108718,22826.65467613088,22044.50692986488,21925.95353617803
555,57021.62834549838,55552.54333771115,56595.72841861731,57210.47901492002,56183.80832946632,56446.27335518489
556,9740.585871042887,9934.478138513736,10136.124465020157,9807.26226507738,9699.32008542935,9806.516612927444
557,16009.818474927399,15698.350457175458,15680.685875843994,15277.36433368562,16172.638338893319,16170.784522238699
558,96569.72672158564,99981.04110730028,101037.22199611332,99493.27514482135,96612.95672817955,97131.59277983545
559,28284.37836398286,27352.312734231222,27348.334428052905,28579.629302407735,28286.662105298525,28278.749558560456
560,54932.14265086367,55752.21067265818,55617.176924203384,55725.65848082194,54987.698029701736,54954.59759064864
561,9766.58378783601,10342.513293506145,10219.652260057741,9757.944430242576,9725.312888330034,9697.413029736314
562,59595.28048584314,59057.85583177269,58821.51744058291,60193.76580626112,58987.95423795735,58833.66607626294
563,8446.853343606213,8487.43663008489,8407.91234862346,8272.607077545563,8402.847657733419,8393.995348006605
564,55493.47175786171,56536.52425657966,56685.76014935842,56252.2187159264,55388.82553011363,55290.58936423705
565,61872.62461326876,60071.00736683755,60909.49688358776,62071.864689579685,62203.990827424896,62274.4487608793
566,33477.17163511781,34445.03214885228,33984.21877844839,32989.22585190089,33534.70248142373,33457.150231506064
567,57421.16673613717,53783.26309633156,54021.01665767982,54803.05992245636,57565.839666918655,57804.34932084612
568,17459.380264331918,16394.763584952798,16083.974135370929,16233.683068145852,17575.711750811923,17616.437193445592
569,126791.22532963958,114221.57356024397,114322.34834416209,115257.12671373946,126771.25279131261,128090.74374371071
570,18500.306583439615,19231.847803174198,19252.850885147163,18666.401160194484,18430.66052176913,18465.02565549257
571,56552.519204692966,56011.22748442666,55948.10422736181,55665.50578678219,56776.13536258436,56910.707798401534
572,42030.67341384877,40745.320272738274,40195.9141754072,40495.93319625898,41808.665664400534,41879.5773948616
573,44472.155596226985,42434.21041606684,42007.613621232624,44208.697856889914,44200.89237093164,43961.0308626848
574,8871.967153404756,8829.116560778153,8674.210862602964,8590.51833889212,8949.327074974937,8966.501127618763
575,53342.93763521788,53461.42739610044,53734.84675952517,53883.16721137906,53511.38970440929,53703.43467103911
576,41703.41773631374,44044.55458026501,43409.760805938415,41838.9273301167,41687.79524655375,41574.983948383524
577,63594.43966517119,65572.74810164505,64971.29293190449,63425.30777110211,63656.08501620588,63600.598985526485
578,25882.674456847755,23362.35236418672,23966.25182134805,23663.858509884347,25822.65085589145,26092.46351279382
579,23499.263571452353,23480.953527290163,23595.85227708724,23232.368437584682,23407.848043698308,23488.895626334506
580,28431.83068388893,26294.515519770423,26734.278296704728,26561.435339701657,28329.302062059953,28464.525943268058
581,53797.50852326403,50413.617055499184,51041.46586056834,50126.49903296356,54083.940911044214,54404.64227190349
582,30912.319614352276,32558.946308921888,32047.796729305926,32099.01170018983,30831.68611672856,30763.28745198786
583,44024.693053265815,44227.490529259376,42901.468149792774,43952.864294943305,44051.59501561485,43581.9265105253
584,48273.0231984394,51831.625605537185,50722.11990594987,48339.02248692492,48007.12948642318,47872.930735868955
585,17993.838124231195,17675.38843613767,17550.25545744767,17292.78158048847,18004.91988968786,17948.297683327553
586,71268.71081128294,71369.32403299244,70675.27091620697,70837.63906712933,71046.57740644872,70813.00049334354
587,82943.77478483702,87304.02524514664,86587.31313715431,86932.6280605733,82507.23981499109,82276.97202201172
588,42027.21576347839,43889.37625997683,43414.16354417161,43422.41957433579,41982.95623177831,41800.01721874964
589,69033.09524414527,66227.0977002059,66596.8078660748,67045.40286805057,69078.25028312382,68851.97714358976
590,27998.438023107945,27232.825996592976,26886.576003472284,28247.83937608929,28047.750571510685,27959.569836028295
591,29190.87491086399,29939.098893698254,29229.85731793118,29225.15636631973,29087.283279633994,29018.291777082417
592,23053.980405750808,22708.107910530453,22605.959167602476,22068.00834689922,22904.364486097355,22907.43516701853
593,54712.8837210928,54706.48877003396,54761.582093750585,54223.531490816604,55416.75960137678,55203.46383704784
594,42750.760197948526,40410.70586513592,40480.906650026365,39834.40420845246,42809.65493208593,42957.902938409
595,47271.704479423075,50871.83928661337,51189.71977015709,49929.00884444419,47112.59142312285,47311.99887835324
596,58050.97501360737,58407.882898862284,58465.55597373549,58826.00326205201,57934.320908076355,58099.25752207002
597,93788.71606913264,100399.44974406513,99365.0884640658,98004.93480002017,92985.44652510378,92938.83089422304
598,42339.51104709882,43002.14129127376,42882.50721450035,43258.09209379258,42426.89596864498,42325.25951021303
599,30143.980242476566,28692.491963082746,28341.10053421976,28749.19035209982,30435.385174928626,30320.032598943606
600,15015.237897444613,14940.345076364174,14938.904075253731,14934.18294675694,15008.08724542393,15062.344914914103
601,28061.97625709176,28060.348268135054,28430.88581386682,28764.467618150913,27880.270873958478,28020.40008963085
602,16136.451120101023,15550.477519708484,15644.996570646548,15806.665138484657,16214.08284984751,16201.920295882099
603,42105.12698193557,43803.98660322359,43910.84939455273,43250.79519679733,42219.117992180705,42438.43157217534
604,26216.58819616902,26123.31730234152,26302.241529043975,25859.525791869124,26412.35169589238,26328.71825654566
605,30101.469707653112,28848.972131793635,29625.32195665032,29689.714697221945,30205.01597096288,30603.153737460012
606,63316.275178231845,63819.67995049027,62722.76325347185,63222.22591499349,63463.18651743691,63393.328961489824
607,101226.01265774728,98002.69358750062,97855.5844735886,100601.19504064336,100783.91492590477,100830.53046390391
608,46867.5882407281,44043.48474493747,45032.868976685466,44060.42482321323,46681.48266696509,47031.42875383451
609,77294.45474135618,77934.60211006363,77740.58853481447,78798.97272606533,77728.82450352557,77331.52135496945
610,40042.813844686774,40833.07886058974,40374.8030813304,40804.28277418122,40079.16059598898,39974.92003617156
611,43641.28973005559,43105.68723349708,43400.1252374465,43222.25154648518,44342.77767448883,44449.99917537062
612,56448.32690125728,57981.889913880324,57945.971157124644,58462.07826872314,56286.367147927645,56331.761041014164
613,8572.89007505833,7933.965998838125,7846.170049488068,8197.948024754938,8636.202255885546,8608.142296175532
614,18594.006854442,17647.83199140433,17839.65463803297,18117.715106986718,18638.3587917154,18733.153913085996
615,79524.87791369177,83488.9879738127,85593.07130159196,84723.98238996942,79845.81615678169,79982.94472428238
616,37827.49837104704,39481.61887487399,38662.44907764806,38342.38037098635,37746.99839990534,37563.46830890602
617,26688.66557026655,26564.483742049873,26577.357316641745,26126.341252038605,26687.33107445387,26739.096343990277
618,125106.7276604554,120195.27202668453,120398.371656584,119727.33639196424,125568.2407854062,125769.68242240297
619,16662.344329707048,16378.65955528562,16428.09377947185,16444.129739738968,16801.71797713724,16866.65132408489
620,102733.30070695531,97544.16450306636,97410.73973945102,98333.60847064356,102708.60130322225,102882.20882742338
621,61125.03808174854,57682.1521476794,58466.58103147978,59247.357710020406,60828.7739446775,61153.45374158693
622,74217.90859234355,75365.4344495265,75464.25363982483,75524.94360770272,74078.21136357494,74108.6138009607
623,134326.8260242737,142129.56923319655,142706.81142886676,140371.87058954456,133775.49303178396,133580.76378491786
624,59096.87565070113,60163.19251368532,60749.483598587045,61829.37012593628,59079.53345625686,59307.27968778165
625,7325.920055331596,7665.6950945660265,7763.128796067286,7652.408078813016,7295.559270311114,7393.16166494462
626,38473.22492743771,39019.7827066374,39009.1026231342,38860.62976631021,38710.32310803702,38670.68214096333
627,54770.84729215489,51824.97972461704,52864.14509585135,52079.520677227134,55000.61616027033,55236.364967979585
